n_source_sites,target_mode,draw,alpha,tau,coverage_frozen,coverage_replayed,rm_fresh_frozen,rm_fresh_replayed,self_check_4dp,rm_exceed_frozen,pi_target,pi_eval,pi_source,rm_rescored,rm_rescored_exceed,rho_lo,rho_hi,rho_site,rho_pop,box_covers_rho_site,box_covers_rho_pop,rho_point,pi_t_implied,q_target,box_matches_frozen_6dp
600,single-site-cp,4,0.1,0.75,0.8713,0.8713,0.077303,0.077303,True,False,0.071646,0.238246,0.103562,0.025812,False,0.337798,2.063057,0.668034,2.707256,True,False,0.909717,0.08904,0.065549,True
600,single-site-cp,7,0.1,0.85,0.7897,0.7897,0.054897,0.054897,True,False,0.151932,0.24084,0.102507,0.033854,False,0.978552,2.546599,1.568539,2.777614,True,False,1.594622,0.149556,0.098994,True
600,single-site-cp,18,0.1,0.83,0.8097,0.8097,0.058845,0.058845,True,False,0.138009,0.238523,0.104178,0.033631,False,0.33555,2.418098,1.376729,2.693504,True,False,1.035152,0.099341,0.072398,True
600,single-site-cp,26,0.1,0.91,0.7041,0.7041,0.041332,0.041332,True,False,0.125698,0.255045,0.104529,0.018885,False,0.391106,2.758266,1.231631,2.932911,True,False,1.152247,0.118311,0.081006,True
600,single-site-cp,29,0.1,0.89,0.7492,0.7492,0.045598,0.045598,True,False,0.152236,0.234016,0.100259,0.028568,False,1.24511,2.769487,1.611515,2.741694,True,True,1.866648,0.156762,0.101577,True
600,single-site-cp,44,0.1,0.87,0.7719,0.7719,0.049169,0.049169,True,False,0.150655,0.231805,0.100237,0.031285,False,0.386927,2.638341,1.592206,2.708646,True,False,1.122815,0.104324,0.076419,True
600,single-site-cp,46,0.1,0.91,0.7272,0.7272,0.042272,0.042272,True,False,0.156525,0.233296,0.102675,0.027247,False,1.054764,2.694177,1.621786,2.659266,True,True,1.668746,0.162302,0.102434,True
900,single-site-cp,2,0.1,0.61,0.9489,0.9489,0.097795,0.097795,True,False,0.0875,0.225403,0.107246,0.044152,False,0.240002,1.818114,0.798226,2.422342,True,False,0.770377,0.086268,0.064583,True
900,single-site-cp,5,0.05,0.95,0.6341,0.6341,0.026617,0.026617,True,False,0.112703,0.232699,0.101952,0.011821,False,0.744826,1.899021,1.118845,2.671349,True,False,1.205426,0.118483,0.082881,True
900,single-site-cp,5,0.1,0.61,0.9475,0.9475,0.098103,0.098103,True,False,0.112703,0.232699,0.101952,0.053047,False,0.744826,1.899021,1.118845,2.671349,True,False,1.205426,0.118483,0.082881,True
900,single-site-cp,6,0.1,0.91,0.72,0.72,0.041064,0.041064,True,False,0.2302,0.235745,0.10293,0.039963,False,1.921261,3.715346,2.606225,2.688364,True,True,2.67776,0.22963,0.1394,True
900,single-site-cp,7,0.1,0.91,0.72,0.72,0.036025,0.036025,True,False,0.190547,0.227237,0.105068,0.029576,False,1.066003,3.747627,2.005069,2.504681,True,True,2.013174,0.189571,0.121123,True
900,single-site-cp,9,0.1,0.81,0.8345,0.8345,0.064779,0.064779,True,False,0.170243,0.226033,0.099385,0.048292,False,1.041411,2.846703,1.859245,2.646467,True,True,1.740599,0.163728,0.102289,True
900,single-site-cp,13,0.1,0.79,0.8481,0.8481,0.066284,0.066284,True,False,0.15513,0.218791,0.104584,0.047143,False,1.088112,2.706819,1.572053,2.397863,True,True,1.711938,0.157495,0.104075,True
900,single-site-cp,20,0.1,0.95,0.6329,0.6329,0.028026,0.028026,True,False,0.207566,0.232585,0.102427,0.024513,False,1.538164,4.215808,2.295358,2.655879,True,True,2.572499,0.210434,0.129857,True
900,single-site-cp,21,0.1,0.67,0.9198,0.9198,0.084204,0.084204,True,False,0.076543,0.22122,0.109466,0.034295,False,0.206285,1.979766,0.674311,2.310885,True,False,0.77752,0.083532,0.064198,True
900,single-site-cp,22,0.1,0.93,0.6933,0.6933,0.034217,0.034217,True,False,0.090395,0.224873,0.101077,0.012618,False,0.270965,3.828195,0.883822,2.580086,True,True,1.247261,0.129842,0.084746,True
900,single-site-cp,30,0.1,0.87,0.7743,0.7743,0.049488,0.049488,True,False,0.167401,0.235154,0.102079,0.034259,False,0.656382,3.286324,1.768571,2.704452,True,True,1.559002,0.142197,0.092511,True
900,single-site-cp,41,0.1,0.91,0.7347,0.7347,0.038409,0.038409,True,False,0.193939,0.215496,0.102174,0.034127,False,0.648016,3.565555,2.114211,2.413762,True,True,1.618341,0.158628,0.1,True
900,single-site-cp,42,0.1,0.85,0.7952,0.7952,0.049246,0.049246,True,False,0.144165,0.224974,0.10712,0.030967,False,0.606671,3.152681,1.404086,2.419588,True,True,1.473763,0.14615,0.098398,True
900,single-site-cp,43,0.1,0.63,0.9397,0.9397,0.095907,0.095907,True,False,0.138135,0.225501,0.101374,0.061939,False,0.514516,2.070274,1.420739,2.580939,True,False,1.074979,0.115193,0.079103,True
900,k40-boot,0,0.1,0.91,0.7233,0.7233,0.039897,0.039897,True,False,0.228312,0.230114,0.10506,0.03954,False,1.658953,3.680073,2.520249,2.546087,True,True,2.487579,0.23168,0.141314,True
900,k40-boot,1,0.1,0.97,0.5694,0.5694,0.018454,0.018454,True,False,0.238898,0.229381,0.102268,0.019404,False,1.896006,4.232134,2.75535,2.61291,True,True,2.921021,0.239516,0.142247,True
900,k40-boot,2,0.1,0.91,0.7312,0.7312,0.039374,0.039374,True,False,0.208641,0.213347,0.105281,0.038406,False,1.370319,3.688222,2.240593,2.304838,True,True,2.244023,0.207027,0.132462,True
900,k40-boot,3,0.1,0.95,0.6435,0.6435,0.026483,0.026483,True,False,0.210087,0.223381,0.10228,0.024636,False,1.372655,4.115219,2.334377,2.524587,True,True,2.504425,0.207541,0.130866,True
900,k40-boot,7,0.1,0.89,0.7588,0.7588,0.047547,0.047547,True,False,0.22894,0.217486,0.103721,0.050341,False,1.397311,3.453397,2.565722,2.401682,True,True,2.264824,0.229885,0.138055,True
900,k40-boot,11,0.1,0.91,0.7246,0.7246,0.038397,0.038397,True,False,0.216536,0.224492,0.105388,0.036862,False,1.44938,3.543587,2.346148,2.457302,True,True,2.309973,0.219795,0.134814,True
900,k40-boot,15,0.1,0.95,0.6315,0.6315,0.025413,0.025413,True,False,0.239223,0.226011,0.104387,0.027204,False,1.92925,4.00663,2.697868,2.505357,True,True,2.735237,0.239925,0.146692,True
900,k40-boot,19,0.1,0.93,0.684,0.684,0.035737,0.035737,True,False,0.241607,0.243269,0.102426,0.035448,False,1.715856,3.904877,2.791726,2.817102,True,True,2.5806,0.239707,0.142781,True
900,k40-boot,20,0.1,0.87,0.7723,0.7723,0.047529,0.047529,True,False,0.19873,0.230037,0.107015,0.040459,False,1.167212,3.202267,2.069597,2.493045,True,True,1.977787,0.198254,0.123103,True
900,k40-boot,22,0.1,0.91,0.7245,0.7245,0.037233,0.037233,True,False,0.197383,0.21993,0.105459,0.033003,False,1.360862,3.520652,2.086019,2.391493,True,True,2.122433,0.201409,0.122714,True
900,k40-boot,25,0.1,0.85,0.7941,0.7941,0.056937,0.056937,True,False,0.211451,0.23318,0.10504,0.051242,False,1.428259,3.142393,2.284701,2.590875,True,True,2.12527,0.210875,0.131615,True
900,k40-boot,33,0.1,0.89,0.7581,0.7581,0.042302,0.042302,True,False,0.202719,0.218277,0.102357,0.039,False,1.391057,3.40593,2.229825,2.448746,True,True,2.184062,0.203113,0.126683,True
900,k40-boot,34,0.1,0.93,0.6802,0.6802,0.03332,0.03332,True,False,0.251461,0.245953,0.103974,0.034219,False,1.701663,3.760698,2.895041,2.810932,True,True,2.534517,0.245367,0.145407,True
900,k40-boot,37,0.1,0.87,0.7799,0.7799,0.048373,0.048373,True,False,0.198106,0.222675,0.10023,0.042513,False,1.55264,3.219022,2.217751,2.571594,True,True,2.264657,0.19439,0.11909,True
900,k40-boot,38,0.1,0.81,0.8356,0.8356,0.061941,0.061941,True,False,0.187339,0.211138,0.104882,0.054919,False,1.352666,2.930496,1.967413,2.284242,True,True,1.955083,0.187188,0.119635,True
900,k40-boot,39,0.1,0.89,0.7431,0.7431,0.045083,0.045083,True,False,0.219264,0.240082,0.108485,0.040738,False,1.383331,3.602607,2.307929,2.596287,True,True,2.185056,0.216554,0.136143,True
900,k40-boot,40,0.1,0.95,0.6355,0.6355,0.026511,0.026511,True,False,0.233892,0.223326,0.10543,0.028003,False,1.587989,4.017109,2.59046,2.439786,True,True,2.577951,0.238018,0.147195,True
900,k40-boot,41,0.1,0.91,0.723,0.723,0.037346,0.037346,True,False,0.223624,0.221517,0.104754,0.037742,False,1.769508,3.727928,2.4616,2.431814,True,True,2.520036,0.224652,0.140993,True
900,k40-boot,48,0.1,0.93,0.6891,0.6891,0.032762,0.032762,True,False,0.217611,0.22294,0.104682,0.031868,False,1.705498,3.888107,2.378838,2.453802,True,True,2.602472,0.216664,0.134003,True
1200,single-site-cp,0,0.1,0.73,0.883,0.883,0.084376,0.084376,True,False,0.063218,0.241817,0.103409,0.024876,False,0.019326,2.457869,0.585115,2.765342,True,False,0.654712,0.07592,0.057471,True
1200,single-site-cp,5,0.1,0.93,0.6829,0.6829,0.03362,0.03362,True,False,0.179104,0.239834,0.104503,0.024103,False,0.738683,4.389789,1.869628,2.703576,True,True,1.917218,0.176903,0.11194,True
1200,single-site-cp,6,0.1,0.79,0.8456,0.8456,0.066731,0.066731,True,False,0.119403,0.230275,0.101835,0.035382,False,0.400383,2.934176,1.195904,2.638569,True,True,1.228848,0.115199,0.080597,True
1200,single-site-cp,16,0.1,0.89,0.7542,0.7542,0.042082,0.042082,True,False,0.214715,0.222786,0.106283,0.040395,False,1.084154,3.842913,2.299157,2.410361,True,True,2.07957,0.203089,0.126126,True
1200,single-site-cp,17,0.1,0.89,0.7449,0.7449,0.044921,0.044921,True,False,0.196721,0.235144,0.107161,0.036799,False,1.061149,3.765769,2.040436,2.561485,True,True,2.04555,0.197321,0.122951,True
1200,single-site-cp,18,0.1,0.91,0.7206,0.7206,0.038147,0.038147,True,False,0.218447,0.224888,0.107103,0.036904,False,0.569429,4.278317,2.330171,2.418816,True,True,1.710328,0.172515,0.11165,True
1200,single-site-cp,19,0.1,0.95,0.6388,0.6388,0.027627,0.027627,True,False,0.260173,0.222466,0.102287,0.033311,False,2.420204,4.625541,3.086383,2.511097,True,True,3.302745,0.26607,0.161837,True
1200,single-site-cp,21,0.1,0.95,0.6319,0.6319,0.029004,0.029004,True,False,0.234694,0.242349,0.102053,0.027903,False,1.589684,4.856034,2.698303,2.814468,True,True,2.801724,0.233988,0.141399,True
1200,single-site-cp,26,0.1,0.79,0.8329,0.8329,0.07095,0.07095,True,False,0.184,0.261081,0.104431,0.049257,False,1.345491,2.883107,1.93374,3.030045,True,False,1.996598,0.195845,0.1206,True
1200,single-site-cp,29,0.05,0.83,0.8144,0.8144,0.058005,0.058005,True,True,0.067097,0.229121,0.103089,0.017517,False,0.216652,1.338789,0.625752,2.585919,True,False,0.619918,0.069126,0.054194,True
1200,single-site-cp,29,0.1,0.55,0.9768,0.9768,0.106762,0.106762,True,True,0.067097,0.229121,0.103089,0.040802,False,0.216652,1.338789,0.625752,2.585919,True,False,0.619918,0.069126,0.054194,True
1200,single-site-cp,30,0.1,0.87,0.7756,0.7756,0.050684,0.050684,True,False,0.2298,0.22534,0.105768,0.051792,False,1.829512,3.487223,2.522553,2.459351,True,True,2.538098,0.225551,0.1394,True
1200,single-site-cp,31,0.1,0.93,0.6856,0.6856,0.03296,0.03296,True,False,0.274601,0.225153,0.104117,0.041664,False,2.164859,4.369636,3.257285,2.500293,True,True,3.078435,0.265327,0.159471,True
1200,single-site-cp,32,0.1,0.87,0.7789,0.7789,0.051275,0.051275,True,False,0.206283,0.226048,0.099975,0.046356,False,1.646757,3.627725,2.339702,2.629368,True,True,2.443937,0.216715,0.129319,True
1200,single-site-cp,33,0.1,0.85,0.7964,0.7964,0.053388,0.053388,True,False,0.134783,0.22753,0.105121,0.030919,False,0.342691,3.347153,1.32612,2.507445,True,True,1.245463,0.128159,0.086957,True
1200,single-site-cp,35,0.05,0.95,0.6327,0.6327,0.024464,0.024464,True,False,0.167615,0.228911,0.104767,0.017003,False,0.820652,2.180592,1.720683,2.53673,True,False,1.364542,0.134538,0.092347,True
1200,single-site-cp,35,0.1,0.65,0.9288,0.9288,0.088448,0.088448,True,False,0.167615,0.228911,0.104767,0.066274,False,0.820652,2.180592,1.720683,2.53673,True,False,1.364542,0.134538,0.092347,True
1200,single-site-cp,37,0.1,0.87,0.7705,0.7705,0.050542,0.050542,True,False,0.19906,0.238112,0.106324,0.041526,False,1.038824,3.568809,2.088961,2.626867,True,True,1.965384,0.185482,0.117555,True
1200,single-site-cp,44,0.1,0.83,0.8143,0.8143,0.058687,0.058687,True,False,0.163424,0.225598,0.103787,0.042007,False,0.778639,3.188141,1.686852,2.51556,True,True,1.645427,0.156738,0.101167,True
1200,single-site-cp,45,0.1,0.87,0.7689,0.7689,0.052592,0.052592,True,False,0.166389,0.24345,0.103043,0.034888,False,1.105712,3.809844,1.737459,2.801067,True,True,2.090394,0.195947,0.123128,True
1200,single-site-cp,46,0.1,0.95,0.6322,0.6322,0.025024,0.025024,True,False,0.231132,0.223173,0.10671,0.026097,False,1.174089,4.742447,2.516483,2.404934,True,True,2.426176,0.224944,0.141509,True
1200,single-site-cp,48,0.05,0.89,0.7454,0.7454,0.044437,0.044437,True,False,0.115169,0.243319,0.10638,0.019942,False,0.291647,1.654025,1.093363,2.701189,True,False,0.76272,0.089863,0.066011,True
1200,single-site-cp,48,0.1,0.55,0.9757,0.9757,0.108856,0.108856,True,True,0.115169,0.243319,0.10638,0.058612,False,0.291647,1.654025,1.093363,2.701189,True,False,0.76272,0.089863,0.066011,True
1200,k40-boot,0,0.1,0.93,0.6867,0.6867,0.035004,0.035004,True,False,0.22708,0.226464,0.103147,0.035115,False,1.397744,4.671464,2.554505,2.545541,True,True,2.484387,0.229928,0.140054,True
1200,k40-boot,1,0.1,0.89,0.7476,0.7476,0.045776,0.045776,True,False,0.240626,0.239419,0.104328,0.04604,False,1.564658,3.893884,2.720416,2.702471,True,True,2.643791,0.244144,0.145695,True
1200,k40-boot,3,0.1,0.91,0.7142,0.7142,0.039437,0.039437,True,False,0.240882,0.236083,0.105689,0.040357,False,1.597539,4.117623,2.685047,2.615033,True,True,2.615031,0.238869,0.147479,True
1200,k40-boot,4,0.1,0.91,0.716,0.716,0.038892,0.038892,True,False,0.236522,0.241281,0.103924,0.038002,False,1.786502,3.957724,2.671177,2.74202,True,True,2.761773,0.236166,0.144788,True
1200,k40-boot,5,0.1,0.93,0.6846,0.6846,0.030103,0.030103,True,False,0.233979,0.219642,0.103694,0.032399,False,1.480056,4.466168,2.640226,2.432915,True,True,2.567535,0.23748,0.146511,True
1200,k40-boot,6,0.1,0.91,0.7241,0.7241,0.044668,0.044668,True,False,0.221496,0.23592,0.097001,0.041576,False,1.730825,4.138277,2.648598,2.874325,True,True,2.67812,0.222217,0.132766,True
1200,k40-boot,7,0.1,0.89,0.7445,0.7445,0.044314,0.044314,True,False,0.22297,0.236719,0.103624,0.041415,False,1.63145,3.76135,2.482224,2.682754,True,True,2.503507,0.226127,0.138887,True
1200,k40-boot,8,0.1,0.87,0.7731,0.7731,0.053698,0.053698,True,False,0.200663,0.239143,0.106368,0.044233,False,1.446113,3.405475,2.109042,2.640603,True,True,2.187987,0.205135,0.125641,True
1200,k40-boot,9,0.1,0.91,0.7151,0.7151,0.038786,0.038786,True,False,0.232998,0.240325,0.104026,0.037427,False,1.757984,4.298275,2.616426,2.72473,True,True,2.703362,0.234412,0.145226,True
1200,k40-boot,10,0.1,0.81,0.8334,0.8334,0.062312,0.062312,True,False,0.196515,0.223241,0.103654,0.054626,False,1.403699,3.025835,2.114986,2.485291,True,True,2.038756,0.194429,0.121242,True
1200,k40-boot,12,0.1,0.83,0.8178,0.8178,0.059189,0.059189,True,False,0.176622,0.225868,0.101387,0.045733,False,1.245531,3.311494,1.901247,2.586024,True,True,1.927045,0.174872,0.109626,True
1200,k40-boot,13,0.1,0.83,0.8123,0.8123,0.056306,0.056306,True,False,0.198596,0.229196,0.105714,0.048415,False,1.304209,3.337445,2.096332,2.51539,True,True,2.157657,0.201222,0.126822,True
1200,k40-boot,14,0.1,0.89,0.7433,0.7433,0.049353,0.049353,True,False,0.214083,0.24079,0.10404,0.043274,False,1.30771,3.747748,2.345815,2.73128,True,True,2.131272,0.212315,0.129586,True
1200,k40-boot,15,0.1,0.87,0.7741,0.7741,0.051301,0.051301,True,False,0.231086,0.233908,0.101981,0.050611,False,1.660641,3.649405,2.646437,2.688618,True,True,2.539952,0.229164,0.137368,True
1200,k40-boot,16,0.1,0.83,0.8231,0.8231,0.05817,0.05817,True,False,0.202175,0.209377,0.10354,0.056084,False,1.239877,3.276602,2.194032,2.292883,True,True,2.070945,0.197338,0.12345,True
1200,k40-boot,17,0.1,0.89,0.7589,0.7589,0.047542,0.047542,True,False,0.20271,0.221437,0.101407,0.043116,False,1.447354,3.917799,2.252965,2.5203,True,True,2.296856,0.204655,0.124766,True
1200,k40-boot,18,0.1,0.81,0.8306,0.8306,0.062288,0.062288,True,False,0.196769,0.229294,0.105023,0.053142,False,1.527709,3.077659,2.087578,2.535314,True,True,2.119314,0.196759,0.122994,True
1200,k40-boot,19,0.1,0.91,0.723,0.723,0.038768,0.038768,True,False,0.223607,0.221976,0.104374,0.03909,False,1.60562,4.091321,2.471382,2.448202,True,True,2.558498,0.231324,0.140849,True
1200,k40-boot,20,0.1,0.87,0.7741,0.7741,0.048186,0.048186,True,False,0.218396,0.226463,0.103508,0.046313,False,1.570566,3.662748,2.420079,2.535652,True,True,2.461435,0.221403,0.138422,True
1200,k40-boot,21,0.1,0.85,0.7959,0.7959,0.055691,0.055691,True,False,0.212463,0.226048,0.102188,0.052103,False,1.62817,3.492555,2.370268,2.566094,True,True,2.359136,0.213526,0.132078,True
1200,k40-boot,22,0.1,0.89,0.7563,0.7563,0.043181,0.043181,True,False,0.241871,0.221523,0.108253,0.047646,False,1.589621,3.741662,2.628107,2.34409,True,True,2.464627,0.238495,0.146207,True
1200,k40-boot,23,0.1,0.89,0.7541,0.7541,0.042586,0.042586,True,False,0.233605,0.221367,0.106709,0.045231,False,1.861484,3.665714,2.55164,2.379963,True,True,2.582693,0.236965,0.145809,True
1200,k40-boot,24,0.1,0.87,0.7727,0.7727,0.049613,0.049613,True,False,0.203601,0.232674,0.105374,0.042906,False,1.51149,3.67623,2.170496,2.574409,True,True,2.337998,0.208122,0.133014,True
1200,k40-boot,25,0.1,0.91,0.7226,0.7226,0.038531,0.038531,True,False,0.233807,0.228002,0.102996,0.039661,False,1.706046,4.04362,2.657634,2.572152,True,True,2.656529,0.236454,0.143176,True
1200,k40-boot,26,0.1,0.93,0.6877,0.6877,0.033608,0.033608,True,False,0.239198,0.231782,0.102484,0.034865,False,1.516295,4.170866,2.753428,2.642301,True,True,2.683175,0.235053,0.14298,True
1200,k40-boot,27,0.1,0.89,0.7459,0.7459,0.044216,0.044216,True,False,0.237548,0.236016,0.105772,0.04454,False,1.971219,3.900139,2.634,2.611773,True,True,2.844,0.239014,0.147938,True
1200,k40-boot,29,0.1,0.79,0.8427,0.8427,0.063173,0.063173,True,False,0.212305,0.225887,0.109246,0.059276,False,1.299215,3.094112,2.197627,2.379243,True,True,2.005083,0.210105,0.13272,True
1200,k40-boot,30,0.1,0.89,0.7539,0.7539,0.044331,0.044331,True,False,0.241516,0.226396,0.105542,0.047701,False,1.853604,3.770174,2.698574,2.480192,True,True,2.711876,0.244383,0.147174,True
1200,k40-boot,31,0.1,0.95,0.6354,0.6354,0.027449,0.027449,True,False,0.228621,0.230777,0.102845,0.027144,False,1.6198,4.725684,2.585434,2.617121,True,True,2.671195,0.228448,0.139431,True
1200,k40-boot,32,0.1,0.89,0.7459,0.7459,0.046827,0.046827,True,False,0.215596,0.240604,0.102588,0.041369,False,1.489443,3.755078,2.404343,2.771588,True,True,2.323609,0.208756,0.128173,True
1200,k40-boot,33,0.1,0.89,0.7485,0.7485,0.046282,0.046282,True,False,0.223353,0.235174,0.103276,0.043661,False,1.804516,3.765186,2.497038,2.669843,True,True,2.682881,0.228441,0.139052,True
1200,k40-boot,34,0.1,0.87,0.7746,0.7746,0.052827,0.052827,True,False,0.209523,0.235742,0.101761,0.046367,False,1.579018,3.521067,2.339647,2.72273,True,True,2.287274,0.207077,0.125745,True
1200,k40-boot,35,0.1,0.93,0.6922,0.6922,0.031939,0.031939,True,False,0.254447,0.221522,0.107278,0.0376,False,1.752445,4.228399,2.840035,2.367966,True,True,2.846675,0.257416,0.15487,True
1200,k40-boot,36,0.1,0.85,0.7867,0.7867,0.057507,0.057507,True,False,0.216069,0.246513,0.104006,0.049837,False,1.583728,3.503309,2.374427,2.81844,True,True,2.287084,0.215171,0.133283,True
1200,k40-boot,37,0.1,0.91,0.721,0.721,0.040139,0.040139,True,False,0.220519,0.234401,0.101548,0.037431,False,1.655173,3.931949,2.50302,2.70883,True,True,2.654742,0.224838,0.136665,True
1200,k40-boot,38,0.1,0.83,0.8046,0.8046,0.058697,0.058697,True,False,0.200343,0.242604,0.10904,0.04791,False,1.326639,3.413346,2.047121,2.61728,True,True,2.087924,0.202622,0.12904,True
1200,k40-boot,39,0.1,0.93,0.6978,0.6978,0.03478,0.03478,True,False,0.249912,0.214361,0.098061,0.041615,False,2.042864,4.698183,3.064467,2.509603,True,True,3.100581,0.251317,0.147227,True
1200,k40-boot,40,0.1,0.89,0.744,0.744,0.047181,0.047181,True,False,0.240457,0.239106,0.106617,0.047484,False,1.834441,3.783383,2.652743,2.633155,True,True,2.662221,0.244547,0.148772,True
1200,k40-boot,41,0.1,0.91,0.7227,0.7227,0.041612,0.041612,True,False,0.221431,0.233138,0.099678,0.039238,False,1.725009,4.205487,2.568857,2.745975,True,True,2.64913,0.216767,0.132482,True
1200,k40-boot,42,0.1,0.91,0.7118,0.7118,0.041417,0.041417,True,False,0.239261,0.247634,0.10427,0.039788,False,1.716629,4.206003,2.701814,2.827481,True,True,2.869126,0.239721,0.14577,True
1200,k40-boot,43,0.1,0.85,0.7819,0.7819,0.057964,0.057964,True,False,0.241207,0.251599,0.107849,0.055323,False,1.680971,3.51715,2.629588,2.780973,True,True,2.488627,0.243176,0.14733,True
1200,k40-boot,44,0.1,0.85,0.7886,0.7886,0.056738,0.056738,True,False,0.19366,0.244966,0.102249,0.043954,False,1.344276,3.312551,2.108727,2.848635,True,True,2.025966,0.191916,0.118117,True
1200,k40-boot,45,0.1,0.87,0.7791,0.7791,0.04679,0.04679,True,False,0.225103,0.224023,0.104118,0.047038,False,1.588553,3.599352,2.499541,2.484089,True,True,2.39057,0.222715,0.137851,True
1200,k40-boot,46,0.1,0.89,0.7616,0.7616,0.043544,0.043544,True,False,0.20319,0.212605,0.10492,0.041411,False,1.43263,3.782547,2.175455,2.303475,True,True,2.186862,0.205157,0.126741,True
1200,k40-boot,47,0.1,0.91,0.7169,0.7169,0.040354,0.040354,True,False,0.243781,0.240214,0.103928,0.041053,False,1.670705,4.190158,2.779491,2.725964,True,True,2.67806,0.248084,0.148341,True
1200,k40-boot,48,0.1,0.89,0.7434,0.7434,0.045136,0.045136,True,False,0.230049,0.237406,0.107981,0.043567,False,1.499996,4.065598,2.468218,2.571725,True,True,2.589274,0.232847,0.145087,True
1200,k40-boot,49,0.1,0.93,0.6957,0.6957,0.033647,0.033647,True,False,0.244206,0.213442,0.104805,0.039343,False,1.687823,4.267785,2.759885,2.31786,True,True,2.691927,0.242361,0.145469,True
