scope,index,lo,hi,n,n_sites_carrying,mean_predicted,observed,ci_lo,ci_hi,ci_status,n_boot_valid,n_attempts
answered,0,0.0,0.02,14520,40,0.005369,0.004339,0.00337,0.005612,ok,2000,2000
answered,1,0.02,0.05,3574,40,0.032007,0.032457,0.026972,0.039984,ok,2000,2000
answered,2,0.05,0.1,2208,40,0.072044,0.075634,0.061987,0.095425,ok,2000,2000
answered,3,0.1,0.2,1795,40,0.142199,0.129248,0.109787,0.150733,ok,2000,2000
answered,4,0.2,0.35,1172,39,0.265459,0.263652,0.227317,0.304709,ok,2000,2000
answered,5,0.35,0.55,449,38,0.399859,0.391982,0.330637,0.460675,ok,2000,2000
answered,6,0.55,1.0,1596,40,0.79785,0.785088,0.748625,0.822145,ok,2000,2000
declined,0,0.0,0.02,0,0,,,,,empty-bin,0,0
declined,1,0.02,0.05,0,0,,,,,empty-bin,0,0
declined,2,0.05,0.1,0,0,,,,,empty-bin,0,0
declined,3,0.1,0.2,0,0,,,,,empty-bin,0,0
declined,4,0.2,0.35,0,0,,,,,empty-bin,0,0
declined,5,0.35,0.55,368,38,0.495739,0.461957,0.403702,0.524121,ok,2000,2000
declined,6,0.55,1.0,0,0,,,,,empty-bin,0,0
