s_u,draw,alpha,unit,certified,tau,coverage,rm_fresh,rm_exceed
0.5,0,0.05,site,False,,,,
0.5,0,0.05,record,True,0.69,0.941,0.041644,False
0.5,0,0.1,site,True,0.55,0.9857,0.056926,False
0.5,0,0.1,record,True,0.55,0.9857,0.056926,False
0.5,1,0.05,site,False,,,,
0.5,1,0.05,record,True,0.73,0.9215,0.036493,False
0.5,1,0.1,site,True,0.55,0.9851,0.058051,False
0.5,1,0.1,record,True,0.55,0.9851,0.058051,False
0.5,2,0.05,site,False,,,,
0.5,2,0.05,record,True,0.77,0.9082,0.033714,False
0.5,2,0.1,site,True,0.55,0.9861,0.057566,False
0.5,2,0.1,record,True,0.55,0.9861,0.057566,False
0.5,3,0.05,site,False,,,,
0.5,3,0.05,record,True,0.69,0.9377,0.040798,False
0.5,3,0.1,site,True,0.55,0.9847,0.055771,False
0.5,3,0.1,record,True,0.55,0.9847,0.055771,False
0.5,4,0.05,site,False,,,,
0.5,4,0.05,record,True,0.75,0.9148,0.037125,False
0.5,4,0.1,site,True,0.55,0.985,0.060936,False
0.5,4,0.1,record,True,0.55,0.985,0.060936,False
0.5,5,0.05,site,False,,,,
0.5,5,0.05,record,True,0.81,0.8815,0.027715,False
0.5,5,0.1,site,True,0.59,0.9721,0.05213,False
0.5,5,0.1,record,True,0.55,0.9847,0.056327,False
0.5,6,0.05,site,False,,,,
0.5,6,0.05,record,True,0.65,0.9531,0.04527,False
0.5,6,0.1,site,True,0.55,0.9856,0.057177,False
0.5,6,0.1,record,True,0.55,0.9856,0.057177,False
0.5,7,0.05,site,False,,,,
0.5,7,0.05,record,True,0.73,0.9203,0.035163,False
0.5,7,0.1,site,True,0.55,0.9843,0.05497,False
0.5,7,0.1,record,True,0.55,0.9843,0.05497,False
0.5,8,0.05,site,False,,,,
0.5,8,0.05,record,True,0.71,0.9311,0.039239,False
0.5,8,0.1,site,True,0.55,0.9853,0.058135,False
0.5,8,0.1,record,True,0.55,0.9853,0.058135,False
0.5,9,0.05,site,False,,,,
0.5,9,0.05,record,True,0.67,0.944,0.043355,False
0.5,9,0.1,site,True,0.55,0.9845,0.057723,False
0.5,9,0.1,record,True,0.55,0.9845,0.057723,False
0.5,10,0.05,site,False,,,,
0.5,10,0.05,record,True,0.81,0.8866,0.029584,False
0.5,10,0.1,site,True,0.57,0.9797,0.055531,False
0.5,10,0.1,record,True,0.55,0.9856,0.058011,False
0.5,11,0.05,site,False,,,,
0.5,11,0.05,record,True,0.65,0.9511,0.047132,False
0.5,11,0.1,site,True,0.55,0.9845,0.059922,False
0.5,11,0.1,record,True,0.55,0.9845,0.059922,False
0.5,12,0.05,site,False,,,,
0.5,12,0.05,record,True,0.79,0.8987,0.031378,False
0.5,12,0.1,site,True,0.55,0.9851,0.057006,False
0.5,12,0.1,record,True,0.55,0.9851,0.057006,False
0.5,13,0.05,site,False,,,,
0.5,13,0.05,record,True,0.83,0.8693,0.027258,False
0.5,13,0.1,site,True,0.57,0.9789,0.056437,False
0.5,13,0.1,record,True,0.55,0.985,0.058956,False
0.5,14,0.05,site,False,,,,
0.5,14,0.05,record,True,0.57,0.977,0.057065,True
0.5,14,0.1,site,True,0.55,0.9839,0.059705,False
0.5,14,0.1,record,True,0.55,0.9839,0.059705,False
0.5,15,0.05,site,False,,,,
0.5,15,0.05,record,True,0.65,0.9512,0.045493,False
0.5,15,0.1,site,True,0.55,0.9844,0.057196,False
0.5,15,0.1,record,True,0.55,0.9844,0.057196,False
0.5,16,0.05,site,False,,,,
0.5,16,0.05,record,True,0.75,0.9204,0.036161,False
0.5,16,0.1,site,True,0.55,0.9866,0.057286,False
0.5,16,0.1,record,True,0.55,0.9866,0.057286,False
0.5,17,0.05,site,False,,,,
0.5,17,0.05,record,True,0.69,0.9385,0.043462,False
0.5,17,0.1,site,True,0.55,0.9852,0.059858,False
0.5,17,0.1,record,True,0.55,0.9852,0.059858,False
0.5,18,0.05,site,False,,,,
0.5,18,0.05,record,True,0.67,0.9428,0.042452,False
0.5,18,0.1,site,True,0.55,0.9839,0.056775,False
0.5,18,0.1,record,True,0.55,0.9839,0.056775,False
0.5,19,0.05,site,False,,,,
0.5,19,0.05,record,True,0.75,0.9102,0.033422,False
0.5,19,0.1,site,True,0.55,0.9842,0.0568,False
0.5,19,0.1,record,True,0.55,0.9842,0.0568,False
0.5,20,0.05,site,False,,,,
0.5,20,0.05,record,True,0.65,0.9476,0.044093,False
0.5,20,0.1,site,True,0.55,0.9833,0.056818,False
0.5,20,0.1,record,True,0.55,0.9833,0.056818,False
0.5,21,0.05,site,False,,,,
0.5,21,0.05,record,True,0.73,0.9278,0.040169,False
0.5,21,0.1,site,True,0.55,0.9859,0.059454,False
0.5,21,0.1,record,True,0.55,0.9859,0.059454,False
0.5,22,0.05,site,False,,,,
0.5,22,0.05,record,True,0.77,0.9031,0.033775,False
0.5,22,0.1,site,True,0.55,0.985,0.059163,False
0.5,22,0.1,record,True,0.55,0.985,0.059163,False
0.5,23,0.05,site,False,,,,
0.5,23,0.05,record,True,0.65,0.9522,0.047659,False
0.5,23,0.1,site,True,0.55,0.985,0.059913,False
0.5,23,0.1,record,True,0.55,0.985,0.059913,False
0.5,24,0.05,site,False,,,,
0.5,24,0.05,record,True,0.79,0.8948,0.031732,False
0.5,24,0.1,site,True,0.55,0.9851,0.059749,False
0.5,24,0.1,record,True,0.55,0.9851,0.059749,False
0.5,25,0.05,site,False,,,,
0.5,25,0.05,record,True,0.73,0.9259,0.038387,False
0.5,25,0.1,site,True,0.55,0.9853,0.058103,False
0.5,25,0.1,record,True,0.55,0.9853,0.058103,False
0.5,26,0.05,site,False,,,,
0.5,26,0.05,record,True,0.79,0.8895,0.029809,False
0.5,26,0.1,site,True,0.55,0.9841,0.055991,False
0.5,26,0.1,record,True,0.55,0.9841,0.055991,False
0.5,27,0.05,site,False,,,,
0.5,27,0.05,record,True,0.69,0.94,0.041925,False
0.5,27,0.1,site,True,0.55,0.9847,0.057272,False
0.5,27,0.1,record,True,0.55,0.9847,0.057272,False
0.5,28,0.05,site,False,,,,
0.5,28,0.05,record,True,0.77,0.9048,0.033633,False
0.5,28,0.1,site,True,0.55,0.9848,0.057132,False
0.5,28,0.1,record,True,0.55,0.9848,0.057132,False
0.5,29,0.05,site,False,,,,
0.5,29,0.05,record,True,0.73,0.9254,0.03775,False
0.5,29,0.1,site,True,0.55,0.9858,0.057365,False
0.5,29,0.1,record,True,0.55,0.9858,0.057365,False
0.5,30,0.05,site,False,,,,
0.5,30,0.05,record,True,0.69,0.9362,0.044074,False
0.5,30,0.1,site,True,0.55,0.9843,0.059945,False
0.5,30,0.1,record,True,0.55,0.9843,0.059945,False
0.5,31,0.05,site,False,,,,
0.5,31,0.05,record,True,0.67,0.948,0.045959,False
0.5,31,0.1,site,True,0.55,0.9854,0.05896,False
0.5,31,0.1,record,True,0.55,0.9854,0.05896,False
0.5,32,0.05,site,False,,,,
0.5,32,0.05,record,True,0.79,0.8993,0.030479,False
0.5,32,0.1,site,True,0.55,0.9856,0.056232,False
0.5,32,0.1,record,True,0.55,0.9856,0.056232,False
0.5,33,0.05,site,False,,,,
0.5,33,0.05,record,True,0.71,0.9288,0.040212,False
0.5,33,0.1,site,True,0.55,0.9843,0.058307,False
0.5,33,0.1,record,True,0.55,0.9843,0.058307,False
0.5,34,0.05,site,False,,,,
0.5,34,0.05,record,True,0.73,0.9226,0.038267,False
0.5,34,0.1,site,True,0.55,0.9848,0.057963,False
0.5,34,0.1,record,True,0.55,0.9848,0.057963,False
0.5,35,0.05,site,False,,,,
0.5,35,0.05,record,True,0.65,0.9519,0.047923,False
0.5,35,0.1,site,True,0.55,0.9845,0.060042,False
0.5,35,0.1,record,True,0.55,0.9845,0.060042,False
0.5,36,0.05,site,False,,,,
0.5,36,0.05,record,True,0.65,0.9536,0.0465,False
0.5,36,0.1,site,True,0.55,0.9854,0.058134,False
0.5,36,0.1,record,True,0.55,0.9854,0.058134,False
0.5,37,0.05,site,False,,,,
0.5,37,0.05,record,True,0.73,0.9185,0.036469,False
0.5,37,0.1,site,True,0.55,0.9847,0.057993,False
0.5,37,0.1,record,True,0.55,0.9847,0.057993,False
0.5,38,0.05,site,False,,,,
0.5,38,0.05,record,True,0.73,0.9237,0.040414,False
0.5,38,0.1,site,True,0.55,0.9856,0.060521,False
0.5,38,0.1,record,True,0.55,0.9856,0.060521,False
0.5,39,0.05,site,False,,,,
0.5,39,0.05,record,True,0.69,0.9365,0.042622,False
0.5,39,0.1,site,True,0.55,0.9844,0.060336,False
0.5,39,0.1,record,True,0.55,0.9844,0.060336,False
0.5,40,0.05,site,False,,,,
0.5,40,0.05,record,True,0.79,0.8795,0.028932,False
0.5,40,0.1,site,True,0.59,0.9694,0.051929,False
0.5,40,0.1,record,True,0.55,0.9831,0.05633,False
0.5,41,0.05,site,False,,,,
0.5,41,0.05,record,True,0.79,0.897,0.02871,False
0.5,41,0.1,site,True,0.57,0.9796,0.052302,False
0.5,41,0.1,record,True,0.55,0.9853,0.054626,False
0.5,42,0.05,site,False,,,,
0.5,42,0.05,record,True,0.75,0.9078,0.034389,False
0.5,42,0.1,site,True,0.55,0.9838,0.057004,False
0.5,42,0.1,record,True,0.55,0.9838,0.057004,False
0.5,43,0.05,site,False,,,,
0.5,43,0.05,record,True,0.71,0.9321,0.040553,False
0.5,43,0.1,site,True,0.55,0.9854,0.057367,False
0.5,43,0.1,record,True,0.55,0.9854,0.057367,False
0.5,44,0.05,site,False,,,,
0.5,44,0.05,record,True,0.73,0.9247,0.038178,False
0.5,44,0.1,site,True,0.55,0.9856,0.056564,False
0.5,44,0.1,record,True,0.55,0.9856,0.056564,False
0.5,45,0.05,site,False,,,,
0.5,45,0.05,record,True,0.75,0.9176,0.033324,False
0.5,45,0.1,site,True,0.55,0.9863,0.05579,False
0.5,45,0.1,record,True,0.55,0.9863,0.05579,False
0.5,46,0.05,site,False,,,,
0.5,46,0.05,record,True,0.77,0.9045,0.031985,False
0.5,46,0.1,site,True,0.57,0.979,0.054916,False
0.5,46,0.1,record,True,0.55,0.9849,0.057583,False
0.5,47,0.05,site,False,,,,
0.5,47,0.05,record,True,0.61,0.9648,0.051292,True
0.5,47,0.1,site,True,0.55,0.9843,0.05879,False
0.5,47,0.1,record,True,0.55,0.9843,0.05879,False
0.5,48,0.05,site,False,,,,
0.5,48,0.05,record,True,0.77,0.9096,0.034584,False
0.5,48,0.1,site,True,0.55,0.9857,0.057406,False
0.5,48,0.1,record,True,0.55,0.9857,0.057406,False
0.5,49,0.05,site,False,,,,
0.5,49,0.05,record,True,0.79,0.8956,0.03247,False
0.5,49,0.1,site,True,0.55,0.9851,0.058389,False
0.5,49,0.1,record,True,0.55,0.9851,0.058389,False
0.5,50,0.05,site,False,,,,
0.5,50,0.05,record,True,0.71,0.9329,0.039514,False
0.5,50,0.1,site,True,0.55,0.9852,0.057478,False
0.5,50,0.1,record,True,0.55,0.9852,0.057478,False
0.5,51,0.05,site,False,,,,
0.5,51,0.05,record,True,0.75,0.9166,0.034363,False
0.5,51,0.1,site,True,0.55,0.9857,0.055611,False
0.5,51,0.1,record,True,0.55,0.9857,0.055611,False
0.5,52,0.05,site,False,,,,
0.5,52,0.05,record,True,0.77,0.9058,0.033412,False
0.5,52,0.1,site,True,0.57,0.9791,0.055296,False
0.5,52,0.1,record,True,0.55,0.9853,0.057651,False
0.5,53,0.05,site,False,,,,
0.5,53,0.05,record,True,0.67,0.9459,0.041284,False
0.5,53,0.1,site,True,0.55,0.9851,0.054,False
0.5,53,0.1,record,True,0.55,0.9851,0.054,False
0.5,54,0.05,site,False,,,,
0.5,54,0.05,record,True,0.75,0.9119,0.035908,False
0.5,54,0.1,site,True,0.55,0.9851,0.060178,False
0.5,54,0.1,record,True,0.55,0.9851,0.060178,False
0.5,55,0.05,site,False,,,,
0.5,55,0.05,record,True,0.75,0.9143,0.033788,False
0.5,55,0.1,site,True,0.57,0.979,0.054425,False
0.5,55,0.1,record,True,0.55,0.985,0.056868,False
0.5,56,0.05,site,False,,,,
0.5,56,0.05,record,True,0.67,0.9444,0.04386,False
0.5,56,0.1,site,True,0.55,0.9849,0.057877,False
0.5,56,0.1,record,True,0.55,0.9849,0.057877,False
0.5,57,0.05,site,False,,,,
0.5,57,0.05,record,True,0.71,0.9288,0.037701,False
0.5,57,0.1,site,True,0.55,0.9844,0.056867,False
0.5,57,0.1,record,True,0.55,0.9844,0.056867,False
0.5,58,0.05,site,False,,,,
0.5,58,0.05,record,True,0.79,0.8907,0.031372,False
0.5,58,0.1,site,True,0.57,0.9776,0.05687,False
0.5,58,0.1,record,True,0.55,0.984,0.05946,False
0.5,59,0.05,site,False,,,,
0.5,59,0.05,record,True,0.73,0.9254,0.037991,False
0.5,59,0.1,site,True,0.57,0.9802,0.055783,False
0.5,59,0.1,record,True,0.55,0.9857,0.057817,False
0.5,60,0.05,site,False,,,,
0.5,60,0.05,record,True,0.73,0.922,0.037669,False
0.5,60,0.1,site,True,0.55,0.9843,0.058164,False
0.5,60,0.1,record,True,0.55,0.9843,0.058164,False
0.5,61,0.05,site,False,,,,
0.5,61,0.05,record,True,0.75,0.9173,0.036704,False
0.5,61,0.1,site,True,0.55,0.9856,0.059761,False
0.5,61,0.1,record,True,0.55,0.9856,0.059761,False
0.5,62,0.05,site,False,,,,
0.5,62,0.05,record,True,0.69,0.9439,0.041551,False
0.5,62,0.1,site,True,0.55,0.9864,0.056754,False
0.5,62,0.1,record,True,0.55,0.9864,0.056754,False
0.5,63,0.05,site,False,,,,
0.5,63,0.05,record,True,0.81,0.8877,0.027852,False
0.5,63,0.1,site,True,0.55,0.9853,0.054972,False
0.5,63,0.1,record,True,0.55,0.9853,0.054972,False
0.5,64,0.05,site,False,,,,
0.5,64,0.05,record,True,0.69,0.9385,0.042747,False
0.5,64,0.1,site,True,0.55,0.9851,0.058606,False
0.5,64,0.1,record,True,0.55,0.9851,0.058606,False
0.5,65,0.05,site,False,,,,
0.5,65,0.05,record,True,0.63,0.9604,0.050737,True
0.5,65,0.1,site,True,0.55,0.9851,0.059548,False
0.5,65,0.1,record,True,0.55,0.9851,0.059548,False
0.5,66,0.05,site,False,,,,
0.5,66,0.05,record,True,0.69,0.9346,0.039757,False
0.5,66,0.1,site,True,0.55,0.9843,0.055915,False
0.5,66,0.1,record,True,0.55,0.9843,0.055915,False
0.5,67,0.05,site,False,,,,
0.5,67,0.05,record,True,0.77,0.9051,0.030984,False
0.5,67,0.1,site,True,0.55,0.9847,0.05407,False
0.5,67,0.1,record,True,0.55,0.9847,0.05407,False
0.5,68,0.05,site,False,,,,
0.5,68,0.05,record,True,0.69,0.9412,0.042647,False
0.5,68,0.1,site,True,0.55,0.9861,0.056667,False
0.5,68,0.1,record,True,0.55,0.9861,0.056667,False
0.5,69,0.05,site,False,,,,
0.5,69,0.05,record,True,0.73,0.9239,0.036006,False
0.5,69,0.1,site,True,0.55,0.9854,0.056552,False
0.5,69,0.1,record,True,0.55,0.9854,0.056552,False
0.5,70,0.05,site,False,,,,
0.5,70,0.05,record,True,0.69,0.9428,0.041933,False
0.5,70,0.1,site,True,0.55,0.986,0.056672,False
0.5,70,0.1,record,True,0.55,0.986,0.056672,False
0.5,71,0.05,site,False,,,,
0.5,71,0.05,record,True,0.71,0.925,0.038069,False
0.5,71,0.1,site,True,0.55,0.9841,0.057053,False
0.5,71,0.1,record,True,0.55,0.9841,0.057053,False
0.5,72,0.05,site,False,,,,
0.5,72,0.05,record,True,0.85,0.8515,0.02468,False
0.5,72,0.1,site,True,0.55,0.9845,0.060235,False
0.5,72,0.1,record,True,0.55,0.9845,0.060235,False
0.5,73,0.05,site,False,,,,
0.5,73,0.05,record,True,0.75,0.9105,0.03642,False
0.5,73,0.1,site,True,0.57,0.9778,0.057115,False
0.5,73,0.1,record,True,0.55,0.9844,0.059629,False
0.5,74,0.05,site,False,,,,
0.5,74,0.05,record,True,0.67,0.95,0.043168,False
0.5,74,0.1,site,True,0.55,0.9859,0.057267,False
0.5,74,0.1,record,True,0.55,0.9859,0.057267,False
0.5,75,0.05,site,False,,,,
0.5,75,0.05,record,True,0.75,0.9104,0.033797,False
0.5,75,0.1,site,True,0.55,0.9839,0.056211,False
0.5,75,0.1,record,True,0.55,0.9839,0.056211,False
0.5,76,0.05,site,False,,,,
0.5,76,0.05,record,True,0.65,0.9536,0.044262,False
0.5,76,0.1,site,True,0.55,0.9851,0.056638,False
0.5,76,0.1,record,True,0.55,0.9851,0.056638,False
0.5,77,0.05,site,False,,,,
0.5,77,0.05,record,True,0.71,0.9327,0.041771,False
0.5,77,0.1,site,True,0.55,0.9852,0.060757,False
0.5,77,0.1,record,True,0.55,0.9852,0.060757,False
0.5,78,0.05,site,False,,,,
0.5,78,0.05,record,True,0.71,0.9337,0.038146,False
0.5,78,0.1,site,True,0.55,0.9855,0.055302,False
0.5,78,0.1,record,True,0.55,0.9855,0.055302,False
0.5,79,0.05,site,False,,,,
0.5,79,0.05,record,True,0.75,0.9166,0.037104,False
0.5,79,0.1,site,True,0.55,0.9846,0.059445,False
0.5,79,0.1,record,True,0.55,0.9846,0.059445,False
0.5,80,0.05,site,False,,,,
0.5,80,0.05,record,True,0.77,0.9064,0.034238,False
0.5,80,0.1,site,True,0.55,0.9854,0.057154,False
0.5,80,0.1,record,True,0.55,0.9854,0.057154,False
0.5,81,0.05,site,False,,,,
0.5,81,0.05,record,True,0.71,0.9331,0.040117,False
0.5,81,0.1,site,True,0.55,0.9851,0.057218,False
0.5,81,0.1,record,True,0.55,0.9851,0.057218,False
0.5,82,0.05,site,False,,,,
0.5,82,0.05,record,True,0.69,0.9436,0.044851,False
0.5,82,0.1,site,True,0.55,0.9863,0.059898,False
0.5,82,0.1,record,True,0.55,0.9863,0.059898,False
0.5,83,0.05,site,False,,,,
0.5,83,0.05,record,True,0.77,0.913,0.034875,False
0.5,83,0.1,site,True,0.59,0.9753,0.053454,False
0.5,83,0.1,record,True,0.55,0.9865,0.057981,False
0.5,84,0.05,site,False,,,,
0.5,84,0.05,record,True,0.77,0.9046,0.033153,False
0.5,84,0.1,site,True,0.55,0.9853,0.058259,False
0.5,84,0.1,record,True,0.55,0.9853,0.058259,False
0.5,85,0.05,site,False,,,,
0.5,85,0.05,record,True,0.69,0.9339,0.040929,False
0.5,85,0.1,site,True,0.55,0.9838,0.058096,False
0.5,85,0.1,record,True,0.55,0.9838,0.058096,False
0.5,86,0.05,site,False,,,,
0.5,86,0.05,record,True,0.75,0.9136,0.034296,False
0.5,86,0.1,site,True,0.55,0.9851,0.056991,False
0.5,86,0.1,record,True,0.55,0.9851,0.056991,False
0.5,87,0.05,site,False,,,,
0.5,87,0.05,record,True,0.75,0.9053,0.033531,False
0.5,87,0.1,site,True,0.55,0.9834,0.057563,False
0.5,87,0.1,record,True,0.55,0.9834,0.057563,False
0.5,88,0.05,site,False,,,,
0.5,88,0.05,record,True,0.75,0.9114,0.034907,False
0.5,88,0.1,site,True,0.55,0.9839,0.05754,False
0.5,88,0.1,record,True,0.55,0.9839,0.05754,False
0.5,89,0.05,site,False,,,,
0.5,89,0.05,record,True,0.75,0.9162,0.036265,False
0.5,89,0.1,site,True,0.57,0.9796,0.055818,False
0.5,89,0.1,record,True,0.55,0.9852,0.058148,False
0.5,90,0.05,site,False,,,,
0.5,90,0.05,record,True,0.77,0.9034,0.033748,False
0.5,90,0.1,site,True,0.55,0.9852,0.057739,False
0.5,90,0.1,record,True,0.55,0.9852,0.057739,False
0.5,91,0.05,site,False,,,,
0.5,91,0.05,record,True,0.83,0.8753,0.025969,False
0.5,91,0.1,site,True,0.55,0.9859,0.055719,False
0.5,91,0.1,record,True,0.55,0.9859,0.055719,False
0.5,92,0.05,site,False,,,,
0.5,92,0.05,record,True,0.71,0.9347,0.039286,False
0.5,92,0.1,site,True,0.55,0.9858,0.056467,False
0.5,92,0.1,record,True,0.55,0.9858,0.056467,False
0.5,93,0.05,site,False,,,,
0.5,93,0.05,record,True,0.73,0.9208,0.036662,False
0.5,93,0.1,site,True,0.55,0.9848,0.057909,False
0.5,93,0.1,record,True,0.55,0.9848,0.057909,False
0.5,94,0.05,site,False,,,,
0.5,94,0.05,record,True,0.79,0.8977,0.030772,False
0.5,94,0.1,site,True,0.59,0.9733,0.051628,False
0.5,94,0.1,record,True,0.55,0.9852,0.056375,False
0.5,95,0.05,site,False,,,,
0.5,95,0.05,record,True,0.71,0.9339,0.040679,False
0.5,95,0.1,site,True,0.55,0.986,0.057905,False
0.5,95,0.1,record,True,0.55,0.986,0.057905,False
0.5,96,0.05,site,False,,,,
0.5,96,0.05,record,True,0.65,0.9533,0.04546,False
0.5,96,0.1,site,True,0.55,0.9852,0.057254,False
0.5,96,0.1,record,True,0.55,0.9852,0.057254,False
0.5,97,0.05,site,False,,,,
0.5,97,0.05,record,True,0.75,0.9155,0.03359,False
0.5,97,0.1,site,True,0.55,0.9857,0.054914,False
0.5,97,0.1,record,True,0.55,0.9857,0.054914,False
0.5,98,0.05,site,False,,,,
0.5,98,0.05,record,True,0.71,0.9318,0.039193,False
0.5,98,0.1,site,True,0.55,0.9854,0.057393,False
0.5,98,0.1,record,True,0.55,0.9854,0.057393,False
0.5,99,0.05,site,False,,,,
0.5,99,0.05,record,True,0.65,0.9525,0.044874,False
0.5,99,0.1,site,True,0.55,0.9849,0.055753,False
0.5,99,0.1,record,True,0.55,0.9849,0.055753,False
0.5,100,0.05,site,False,,,,
0.5,100,0.05,record,True,0.71,0.9308,0.040284,False
0.5,100,0.1,site,True,0.55,0.9851,0.058718,False
0.5,100,0.1,record,True,0.55,0.9851,0.058718,False
0.5,101,0.05,site,False,,,,
0.5,101,0.05,record,True,0.61,0.9653,0.049529,False
0.5,101,0.1,site,True,0.55,0.9846,0.056272,False
0.5,101,0.1,record,True,0.55,0.9846,0.056272,False
0.5,102,0.05,site,False,,,,
0.5,102,0.05,record,True,0.63,0.9616,0.045615,False
0.5,102,0.1,site,True,0.55,0.9856,0.054688,False
0.5,102,0.1,record,True,0.55,0.9856,0.054688,False
0.5,103,0.05,site,False,,,,
0.5,103,0.05,record,True,0.71,0.9297,0.040586,False
0.5,103,0.1,site,True,0.55,0.9848,0.057696,False
0.5,103,0.1,record,True,0.55,0.9848,0.057696,False
0.5,104,0.05,site,False,,,,
0.5,104,0.05,record,True,0.77,0.904,0.032957,False
0.5,104,0.1,site,True,0.55,0.9848,0.057841,False
0.5,104,0.1,record,True,0.55,0.9848,0.057841,False
0.5,105,0.05,site,False,,,,
0.5,105,0.05,record,True,0.75,0.9097,0.035688,False
0.5,105,0.1,site,True,0.57,0.9779,0.05526,False
0.5,105,0.1,record,True,0.55,0.9843,0.057838,False
0.5,106,0.05,site,False,,,,
0.5,106,0.05,record,True,0.71,0.9317,0.040918,False
0.5,106,0.1,site,True,0.55,0.9854,0.058528,False
0.5,106,0.1,record,True,0.55,0.9854,0.058528,False
0.5,107,0.05,site,False,,,,
0.5,107,0.05,record,True,0.67,0.9475,0.041801,False
0.5,107,0.1,site,True,0.57,0.9798,0.052981,False
0.5,107,0.1,record,True,0.55,0.9856,0.055207,False
0.5,108,0.05,site,False,,,,
0.5,108,0.05,record,True,0.73,0.9238,0.037462,False
0.5,108,0.1,site,True,0.55,0.9852,0.057395,False
0.5,108,0.1,record,True,0.55,0.9852,0.057395,False
0.5,109,0.05,site,False,,,,
0.5,109,0.05,record,True,0.81,0.8846,0.029623,False
0.5,109,0.1,site,True,0.57,0.9787,0.055674,False
0.5,109,0.1,record,True,0.55,0.9848,0.057974,False
0.5,110,0.05,site,False,,,,
0.5,110,0.05,record,True,0.71,0.9296,0.039071,False
0.5,110,0.1,site,True,0.55,0.9849,0.056603,False
0.5,110,0.1,record,True,0.55,0.9849,0.056603,False
0.5,111,0.05,site,False,,,,
0.5,111,0.05,record,True,0.71,0.9249,0.038811,False
0.5,111,0.1,site,True,0.55,0.9837,0.058094,False
0.5,111,0.1,record,True,0.55,0.9837,0.058094,False
0.5,112,0.05,site,False,,,,
0.5,112,0.05,record,True,0.67,0.9474,0.043629,False
0.5,112,0.1,site,True,0.55,0.9855,0.057048,False
0.5,112,0.1,record,True,0.55,0.9855,0.057048,False
0.5,113,0.05,site,False,,,,
0.5,113,0.05,record,True,0.67,0.943,0.041221,False
0.5,113,0.1,site,True,0.55,0.9847,0.055788,False
0.5,113,0.1,record,True,0.55,0.9847,0.055788,False
0.5,114,0.05,site,False,,,,
0.5,114,0.05,record,True,0.65,0.9548,0.046931,False
0.5,114,0.1,site,True,0.55,0.9851,0.058483,False
0.5,114,0.1,record,True,0.55,0.9851,0.058483,False
0.5,115,0.05,site,False,,,,
0.5,115,0.05,record,True,0.63,0.9567,0.045469,False
0.5,115,0.1,site,True,0.55,0.9838,0.055221,False
0.5,115,0.1,record,True,0.55,0.9838,0.055221,False
0.5,116,0.05,site,False,,,,
0.5,116,0.05,record,True,0.71,0.9304,0.039725,False
0.5,116,0.1,site,True,0.55,0.9848,0.058743,False
0.5,116,0.1,record,True,0.55,0.9848,0.058743,False
0.5,117,0.05,site,False,,,,
0.5,117,0.05,record,True,0.67,0.9432,0.046427,False
0.5,117,0.1,site,True,0.55,0.9847,0.060333,False
0.5,117,0.1,record,True,0.55,0.9847,0.060333,False
0.5,118,0.05,site,False,,,,
0.5,118,0.05,record,True,0.73,0.9245,0.037961,False
0.5,118,0.1,site,True,0.55,0.9852,0.057128,False
0.5,118,0.1,record,True,0.55,0.9852,0.057128,False
0.5,119,0.05,site,False,,,,
0.5,119,0.05,record,True,0.71,0.9281,0.038516,False
0.5,119,0.1,site,True,0.55,0.9846,0.057765,False
0.5,119,0.1,record,True,0.55,0.9846,0.057765,False
0.5,120,0.05,site,False,,,,
0.5,120,0.05,record,True,0.83,0.8657,0.026084,False
0.5,120,0.1,site,True,0.57,0.9782,0.055915,False
0.5,120,0.1,record,True,0.55,0.9847,0.058126,False
0.5,121,0.05,site,False,,,,
0.5,121,0.05,record,True,0.73,0.9194,0.036596,False
0.5,121,0.1,site,True,0.55,0.9842,0.056816,False
0.5,121,0.1,record,True,0.55,0.9842,0.056816,False
0.5,122,0.05,site,False,,,,
0.5,122,0.05,record,True,0.77,0.9028,0.03347,False
0.5,122,0.1,site,True,0.55,0.9847,0.057679,False
0.5,122,0.1,record,True,0.55,0.9847,0.057679,False
0.5,123,0.05,site,False,,,,
0.5,123,0.05,record,True,0.71,0.9351,0.040317,False
0.5,123,0.1,site,True,0.55,0.9857,0.058568,False
0.5,123,0.1,record,True,0.55,0.9857,0.058568,False
0.5,124,0.05,site,False,,,,
0.5,124,0.05,record,True,0.65,0.955,0.04727,False
0.5,124,0.1,site,True,0.55,0.9855,0.058336,False
0.5,124,0.1,record,True,0.55,0.9855,0.058336,False
0.5,125,0.05,site,False,,,,
0.5,125,0.05,record,True,0.69,0.9385,0.039175,False
0.5,125,0.1,site,True,0.55,0.985,0.054802,False
0.5,125,0.1,record,True,0.55,0.985,0.054802,False
0.5,126,0.05,site,False,,,,
0.5,126,0.05,record,True,0.65,0.9536,0.047836,False
0.5,126,0.1,site,True,0.57,0.9793,0.056572,False
0.5,126,0.1,record,True,0.55,0.9854,0.05855,False
0.5,127,0.05,site,False,,,,
0.5,127,0.05,record,True,0.85,0.8591,0.028004,False
0.5,127,0.1,site,True,0.55,0.9846,0.060986,False
0.5,127,0.1,record,True,0.55,0.9846,0.060986,False
0.5,128,0.05,site,False,,,,
0.5,128,0.05,record,True,0.65,0.9472,0.045308,False
0.5,128,0.1,site,True,0.55,0.9834,0.057666,False
0.5,128,0.1,record,True,0.55,0.9834,0.057666,False
0.5,129,0.05,site,False,,,,
0.5,129,0.05,record,True,0.65,0.9475,0.04372,False
0.5,129,0.1,site,True,0.55,0.9838,0.05741,False
0.5,129,0.1,record,True,0.55,0.9838,0.05741,False
0.5,130,0.05,site,False,,,,
0.5,130,0.05,record,True,0.63,0.9598,0.051392,True
0.5,130,0.1,site,True,0.55,0.9851,0.060493,False
0.5,130,0.1,record,True,0.55,0.9851,0.060493,False
0.5,131,0.05,site,False,,,,
0.5,131,0.05,record,True,0.77,0.9081,0.033829,False
0.5,131,0.1,site,True,0.55,0.9856,0.057385,False
0.5,131,0.1,record,True,0.55,0.9856,0.057385,False
0.5,132,0.05,site,False,,,,
0.5,132,0.05,record,True,0.67,0.9442,0.042881,False
0.5,132,0.1,site,True,0.55,0.9846,0.057309,False
0.5,132,0.1,record,True,0.55,0.9846,0.057309,False
0.5,133,0.05,site,False,,,,
0.5,133,0.05,record,True,0.79,0.903,0.029889,False
0.5,133,0.1,site,True,0.55,0.9863,0.054491,False
0.5,133,0.1,record,True,0.55,0.9863,0.054491,False
0.5,134,0.05,site,False,,,,
0.5,134,0.05,record,True,0.81,0.8788,0.029439,False
0.5,134,0.1,site,True,0.55,0.9846,0.05976,False
0.5,134,0.1,record,True,0.55,0.9846,0.05976,False
0.5,135,0.05,site,False,,,,
0.5,135,0.05,record,True,0.79,0.8943,0.029284,False
0.5,135,0.1,site,True,0.55,0.9851,0.055901,False
0.5,135,0.1,record,True,0.55,0.9851,0.055901,False
0.5,136,0.05,site,False,,,,
0.5,136,0.05,record,True,0.65,0.9548,0.047624,False
0.5,136,0.1,site,True,0.55,0.9855,0.058665,False
0.5,136,0.1,record,True,0.55,0.9855,0.058665,False
0.5,137,0.05,site,False,,,,
0.5,137,0.05,record,True,0.77,0.9043,0.032663,False
0.5,137,0.1,site,True,0.55,0.9845,0.056385,False
0.5,137,0.1,record,True,0.55,0.9845,0.056385,False
0.5,138,0.05,site,False,,,,
0.5,138,0.05,record,True,0.81,0.8796,0.028843,False
0.5,138,0.1,site,True,0.57,0.9786,0.05583,False
0.5,138,0.1,record,True,0.55,0.9847,0.058266,False
0.5,139,0.05,site,False,,,,
0.5,139,0.05,record,True,0.77,0.8988,0.03271,False
0.5,139,0.1,site,True,0.55,0.9838,0.056988,False
0.5,139,0.1,record,True,0.55,0.9838,0.056988,False
0.5,140,0.05,site,False,,,,
0.5,140,0.05,record,True,0.67,0.9414,0.041463,False
0.5,140,0.1,site,True,0.55,0.9837,0.055705,False
0.5,140,0.1,record,True,0.55,0.9837,0.055705,False
0.5,141,0.05,site,False,,,,
0.5,141,0.05,record,True,0.69,0.9395,0.04165,False
0.5,141,0.1,site,True,0.55,0.9852,0.057671,False
0.5,141,0.1,record,True,0.55,0.9852,0.057671,False
0.5,142,0.05,site,False,,,,
0.5,142,0.05,record,True,0.79,0.8858,0.032109,False
0.5,142,0.1,site,True,0.55,0.9839,0.05921,False
0.5,142,0.1,record,True,0.55,0.9839,0.05921,False
0.5,143,0.05,site,False,,,,
0.5,143,0.05,record,True,0.69,0.941,0.043858,False
0.5,143,0.1,site,True,0.55,0.9855,0.058771,False
0.5,143,0.1,record,True,0.55,0.9855,0.058771,False
0.5,144,0.05,site,False,,,,
0.5,144,0.05,record,True,0.75,0.9108,0.03799,False
0.5,144,0.1,site,True,0.55,0.9843,0.061713,False
0.5,144,0.1,record,True,0.55,0.9843,0.061713,False
0.5,145,0.05,site,False,,,,
0.5,145,0.05,record,True,0.67,0.9439,0.041789,False
0.5,145,0.1,site,True,0.57,0.9786,0.053591,False
0.5,145,0.1,record,True,0.55,0.9849,0.055977,False
0.5,146,0.05,site,False,,,,
0.5,146,0.05,record,True,0.81,0.8848,0.027484,False
0.5,146,0.1,site,True,0.55,0.9856,0.055168,False
0.5,146,0.1,record,True,0.55,0.9856,0.055168,False
0.5,147,0.05,site,False,,,,
0.5,147,0.05,record,True,0.75,0.9178,0.034637,False
0.5,147,0.1,site,True,0.55,0.9859,0.0562,False
0.5,147,0.1,record,True,0.55,0.9859,0.0562,False
0.5,148,0.05,site,False,,,,
0.5,148,0.05,record,True,0.75,0.9187,0.036072,False
0.5,148,0.1,site,True,0.55,0.9855,0.057882,False
0.5,148,0.1,record,True,0.55,0.9855,0.057882,False
0.5,149,0.05,site,False,,,,
0.5,149,0.05,record,True,0.65,0.9538,0.046982,False
0.5,149,0.1,site,True,0.55,0.9851,0.057989,False
0.5,149,0.1,record,True,0.55,0.9851,0.057989,False
0.5,150,0.05,site,False,,,,
0.5,150,0.05,record,True,0.81,0.8838,0.028882,False
0.5,150,0.1,site,True,0.55,0.9847,0.059286,False
0.5,150,0.1,record,True,0.55,0.9847,0.059286,False
0.5,151,0.05,site,False,,,,
0.5,151,0.05,record,True,0.67,0.9453,0.04545,False
0.5,151,0.1,site,True,0.55,0.9852,0.059611,False
0.5,151,0.1,record,True,0.55,0.9852,0.059611,False
0.5,152,0.05,site,False,,,,
0.5,152,0.05,record,True,0.73,0.9253,0.039243,False
0.5,152,0.1,site,True,0.55,0.9854,0.059379,False
0.5,152,0.1,record,True,0.55,0.9854,0.059379,False
0.5,153,0.05,site,False,,,,
0.5,153,0.05,record,True,0.81,0.8873,0.029643,False
0.5,153,0.1,site,True,0.55,0.9857,0.056871,False
0.5,153,0.1,record,True,0.55,0.9857,0.056871,False
0.5,154,0.05,site,False,,,,
0.5,154,0.05,record,True,0.71,0.9323,0.038625,False
0.5,154,0.1,site,True,0.55,0.9849,0.055506,False
0.5,154,0.1,record,True,0.55,0.9849,0.055506,False
0.5,155,0.05,site,False,,,,
0.5,155,0.05,record,True,0.79,0.8951,0.028138,False
0.5,155,0.1,site,True,0.55,0.9852,0.054826,False
0.5,155,0.1,record,True,0.55,0.9852,0.054826,False
0.5,156,0.05,site,False,,,,
0.5,156,0.05,record,True,0.71,0.926,0.038221,False
0.5,156,0.1,site,True,0.55,0.9844,0.056593,False
0.5,156,0.1,record,True,0.55,0.9844,0.056593,False
0.5,157,0.05,site,False,,,,
0.5,157,0.05,record,True,0.79,0.8959,0.030604,False
0.5,157,0.1,site,True,0.55,0.985,0.05793,False
0.5,157,0.1,record,True,0.55,0.985,0.05793,False
0.5,158,0.05,site,False,,,,
0.5,158,0.05,record,True,0.77,0.9052,0.032993,False
0.5,158,0.1,site,True,0.55,0.9854,0.05753,False
0.5,158,0.1,record,True,0.55,0.9854,0.05753,False
0.5,159,0.05,site,False,,,,
0.5,159,0.05,record,True,0.71,0.9302,0.039378,False
0.5,159,0.1,site,True,0.55,0.9847,0.057202,False
0.5,159,0.1,record,True,0.55,0.9847,0.057202,False
0.5,160,0.05,site,False,,,,
0.5,160,0.05,record,True,0.69,0.9383,0.046284,False
0.5,160,0.1,site,True,0.55,0.9846,0.062704,False
0.5,160,0.1,record,True,0.55,0.9846,0.062704,False
0.5,161,0.05,site,False,,,,
0.5,161,0.05,record,True,0.71,0.9358,0.041469,False
0.5,161,0.1,site,True,0.55,0.986,0.059186,False
0.5,161,0.1,record,True,0.55,0.986,0.059186,False
0.5,162,0.05,site,False,,,,
0.5,162,0.05,record,True,0.69,0.937,0.04172,False
0.5,162,0.1,site,True,0.55,0.985,0.057057,False
0.5,162,0.1,record,True,0.55,0.985,0.057057,False
0.5,163,0.05,site,False,,,,
0.5,163,0.05,record,True,0.63,0.96,0.04898,False
0.5,163,0.1,site,True,0.55,0.9848,0.058433,False
0.5,163,0.1,record,True,0.55,0.9848,0.058433,False
0.5,164,0.05,site,False,,,,
0.5,164,0.05,record,True,0.73,0.9226,0.037715,False
0.5,164,0.1,site,True,0.55,0.9848,0.057621,False
0.5,164,0.1,record,True,0.55,0.9848,0.057621,False
0.5,165,0.05,site,False,,,,
0.5,165,0.05,record,True,0.75,0.9237,0.036559,False
0.5,165,0.1,site,True,0.55,0.9871,0.057486,False
0.5,165,0.1,record,True,0.55,0.9871,0.057486,False
0.5,166,0.05,site,False,,,,
0.5,166,0.05,record,True,0.69,0.9356,0.041177,False
0.5,166,0.1,site,True,0.55,0.9839,0.057864,False
0.5,166,0.1,record,True,0.55,0.9839,0.057864,False
0.5,167,0.05,site,False,,,,
0.5,167,0.05,record,True,0.71,0.932,0.043427,False
0.5,167,0.1,site,True,0.55,0.9855,0.061472,False
0.5,167,0.1,record,True,0.55,0.9855,0.061472,False
0.5,168,0.05,site,False,,,,
0.5,168,0.05,record,True,0.77,0.9086,0.033298,False
0.5,168,0.1,site,True,0.57,0.9801,0.054865,False
0.5,168,0.1,record,True,0.55,0.9858,0.05711,False
0.5,169,0.05,site,False,,,,
0.5,169,0.05,record,True,0.75,0.9133,0.036352,False
0.5,169,0.1,site,True,0.57,0.9782,0.056111,False
0.5,169,0.1,record,True,0.55,0.9845,0.058792,False
0.5,170,0.05,site,False,,,,
0.5,170,0.05,record,True,0.75,0.9167,0.035383,False
0.5,170,0.1,site,True,0.57,0.9796,0.054975,False
0.5,170,0.1,record,True,0.55,0.9855,0.057099,False
0.5,171,0.05,site,False,,,,
0.5,171,0.05,record,True,0.73,0.9292,0.038378,False
0.5,171,0.1,site,True,0.57,0.9805,0.054911,False
0.5,171,0.1,record,True,0.55,0.9863,0.057198,False
0.5,172,0.05,site,False,,,,
0.5,172,0.05,record,True,0.69,0.9357,0.040518,False
0.5,172,0.1,site,True,0.55,0.9839,0.056163,False
0.5,172,0.1,record,True,0.55,0.9839,0.056163,False
0.5,173,0.05,site,False,,,,
0.5,173,0.05,record,True,0.69,0.9375,0.042437,False
0.5,173,0.1,site,True,0.55,0.9846,0.05874,False
0.5,173,0.1,record,True,0.55,0.9846,0.05874,False
0.5,174,0.05,site,False,,,,
0.5,174,0.05,record,True,0.69,0.9398,0.042271,False
0.5,174,0.1,site,True,0.55,0.9852,0.057913,False
0.5,174,0.1,record,True,0.55,0.9852,0.057913,False
0.5,175,0.05,site,False,,,,
0.5,175,0.05,record,True,0.67,0.9488,0.043079,False
0.5,175,0.1,site,True,0.55,0.9858,0.055371,False
0.5,175,0.1,record,True,0.55,0.9858,0.055371,False
0.5,176,0.05,site,False,,,,
0.5,176,0.05,record,True,0.79,0.8936,0.029479,False
0.5,176,0.1,site,True,0.55,0.9846,0.056121,False
0.5,176,0.1,record,True,0.55,0.9846,0.056121,False
0.5,177,0.05,site,False,,,,
0.5,177,0.05,record,True,0.79,0.8895,0.0307,False
0.5,177,0.1,site,True,0.55,0.9848,0.058115,False
0.5,177,0.1,record,True,0.55,0.9848,0.058115,False
0.5,178,0.05,site,False,,,,
0.5,178,0.05,record,True,0.69,0.9398,0.040138,False
0.5,178,0.1,site,True,0.55,0.9848,0.055584,False
0.5,178,0.1,record,True,0.55,0.9848,0.055584,False
0.5,179,0.05,site,False,,,,
0.5,179,0.05,record,True,0.71,0.9329,0.03941,False
0.5,179,0.1,site,True,0.55,0.9853,0.05793,False
0.5,179,0.1,record,True,0.55,0.9853,0.05793,False
0.5,180,0.05,site,False,,,,
0.5,180,0.05,record,True,0.79,0.8923,0.030462,False
0.5,180,0.1,site,True,0.55,0.9851,0.057448,False
0.5,180,0.1,record,True,0.55,0.9851,0.057448,False
0.5,181,0.05,site,False,,,,
0.5,181,0.05,record,True,0.71,0.9305,0.039453,False
0.5,181,0.1,site,True,0.55,0.9851,0.057345,False
0.5,181,0.1,record,True,0.55,0.9851,0.057345,False
0.5,182,0.05,site,False,,,,
0.5,182,0.05,record,True,0.77,0.913,0.033412,False
0.5,182,0.1,site,True,0.55,0.9867,0.057073,False
0.5,182,0.1,record,True,0.55,0.9867,0.057073,False
0.5,183,0.05,site,False,,,,
0.5,183,0.05,record,True,0.77,0.9047,0.032529,False
0.5,183,0.1,site,True,0.55,0.9851,0.056169,False
0.5,183,0.1,record,True,0.55,0.9851,0.056169,False
0.5,184,0.05,site,False,,,,
0.5,184,0.05,record,True,0.75,0.9143,0.034145,False
0.5,184,0.1,site,True,0.55,0.9849,0.056431,False
0.5,184,0.1,record,True,0.55,0.9849,0.056431,False
0.5,185,0.05,site,False,,,,
0.5,185,0.05,record,True,0.55,0.984,0.057454,True
0.5,185,0.1,site,True,0.55,0.984,0.057454,False
0.5,185,0.1,record,True,0.55,0.984,0.057454,False
0.5,186,0.05,site,False,,,,
0.5,186,0.05,record,True,0.63,0.9609,0.051227,True
0.5,186,0.1,site,True,0.55,0.9856,0.060727,False
0.5,186,0.1,record,True,0.55,0.9856,0.060727,False
0.5,187,0.05,site,False,,,,
0.5,187,0.05,record,True,0.79,0.8951,0.029709,False
0.5,187,0.1,site,True,0.55,0.9852,0.056404,False
0.5,187,0.1,record,True,0.55,0.9852,0.056404,False
0.5,188,0.05,site,False,,,,
0.5,188,0.05,record,True,0.83,0.8708,0.024844,False
0.5,188,0.1,site,True,0.57,0.9795,0.052453,False
0.5,188,0.1,record,True,0.55,0.9852,0.05491,False
0.5,189,0.05,site,False,,,,
0.5,189,0.05,record,True,0.71,0.9307,0.038221,False
0.5,189,0.1,site,True,0.55,0.9847,0.055977,False
0.5,189,0.1,record,True,0.55,0.9847,0.055977,False
0.5,190,0.05,site,False,,,,
0.5,190,0.05,record,True,0.63,0.9606,0.051093,True
0.5,190,0.1,site,True,0.55,0.9853,0.060273,False
0.5,190,0.1,record,True,0.55,0.9853,0.060273,False
0.5,191,0.05,site,False,,,,
0.5,191,0.05,record,True,0.69,0.9357,0.041241,False
0.5,191,0.1,site,True,0.55,0.9841,0.057064,False
0.5,191,0.1,record,True,0.55,0.9841,0.057064,False
0.5,192,0.05,site,False,,,,
0.5,192,0.05,record,True,0.73,0.9138,0.033858,False
0.5,192,0.1,site,True,0.55,0.9827,0.055623,False
0.5,192,0.1,record,True,0.55,0.9827,0.055623,False
0.5,193,0.05,site,False,,,,
0.5,193,0.05,record,True,0.75,0.913,0.035792,False
0.5,193,0.1,site,True,0.55,0.9852,0.058895,False
0.5,193,0.1,record,True,0.55,0.9852,0.058895,False
0.5,194,0.05,site,False,,,,
0.5,194,0.05,record,True,0.69,0.9373,0.040482,False
0.5,194,0.1,site,True,0.55,0.9851,0.055252,False
0.5,194,0.1,record,True,0.55,0.9851,0.055252,False
0.5,195,0.05,site,False,,,,
0.5,195,0.05,record,True,0.79,0.8984,0.030009,False
0.5,195,0.1,site,True,0.57,0.9804,0.053401,False
0.5,195,0.1,record,True,0.55,0.986,0.055448,False
0.5,196,0.05,site,False,,,,
0.5,196,0.05,record,True,0.75,0.9071,0.036411,False
0.5,196,0.1,site,True,0.55,0.9837,0.059468,False
0.5,196,0.1,record,True,0.55,0.9837,0.059468,False
0.5,197,0.05,site,False,,,,
0.5,197,0.05,record,True,0.73,0.9211,0.038369,False
0.5,197,0.1,site,True,0.55,0.9844,0.058781,False
0.5,197,0.1,record,True,0.55,0.9844,0.058781,False
0.5,198,0.05,site,False,,,,
0.5,198,0.05,record,True,0.75,0.9167,0.037756,False
0.5,198,0.1,site,True,0.55,0.9854,0.060594,False
0.5,198,0.1,record,True,0.55,0.9854,0.060594,False
0.5,199,0.05,site,False,,,,
0.5,199,0.05,record,True,0.75,0.9111,0.038625,False
0.5,199,0.1,site,True,0.55,0.9844,0.062048,False
0.5,199,0.1,record,True,0.55,0.9844,0.062048,False
2.0,0,0.05,site,False,,,,
2.0,0,0.05,record,True,0.85,0.7634,0.03697,False
2.0,0,0.1,site,True,0.83,0.7846,0.040953,False
2.0,0,0.1,record,True,0.55,0.9742,0.093122,False
2.0,1,0.05,site,False,,,,
2.0,1,0.05,record,True,0.85,0.781,0.042511,False
2.0,1,0.1,site,True,0.77,0.8498,0.05679,False
2.0,1,0.1,record,True,0.59,0.9566,0.088372,False
2.0,2,0.05,site,False,,,,
2.0,2,0.05,record,True,0.85,0.7747,0.031435,False
2.0,2,0.1,site,True,0.75,0.8626,0.048864,False
2.0,2,0.1,record,True,0.61,0.945,0.072062,False
2.0,3,0.05,site,False,,,,
2.0,3,0.05,record,True,0.65,0.9112,0.066812,True
2.0,3,0.1,site,True,0.67,0.8979,0.063035,False
2.0,3,0.1,record,True,0.55,0.9718,0.087711,False
2.0,4,0.05,site,False,,,,
2.0,4,0.05,record,True,0.73,0.8581,0.050793,True
2.0,4,0.1,site,True,0.69,0.8861,0.057536,False
2.0,4,0.1,record,True,0.55,0.9724,0.084599,False
2.0,5,0.05,site,False,,,,
2.0,5,0.05,record,True,0.91,0.6832,0.023226,False
2.0,5,0.1,site,True,0.75,0.8602,0.050982,False
2.0,5,0.1,record,True,0.69,0.8993,0.0612,False
2.0,6,0.05,site,False,,,,
2.0,6,0.05,record,True,0.85,0.7673,0.031395,False
2.0,6,0.1,site,True,0.73,0.8723,0.050766,False
2.0,6,0.1,record,True,0.57,0.965,0.080136,False
2.0,7,0.05,site,False,,,,
2.0,7,0.05,record,True,0.89,0.739,0.027294,False
2.0,7,0.1,site,True,0.79,0.8421,0.044867,False
2.0,7,0.1,record,True,0.69,0.9078,0.062222,False
2.0,8,0.05,site,False,,,,
2.0,8,0.05,record,True,0.83,0.7689,0.040086,False
2.0,8,0.1,site,True,0.69,0.8867,0.06637,False
2.0,8,0.1,record,True,0.55,0.9722,0.094234,False
2.0,9,0.05,site,False,,,,
2.0,9,0.05,record,True,0.83,0.7667,0.033913,False
2.0,9,0.1,site,True,0.77,0.8256,0.044774,False
2.0,9,0.1,record,True,0.55,0.9726,0.08677,False
2.0,10,0.05,site,False,,,,
2.0,10,0.05,record,True,0.83,0.7698,0.03766,False
2.0,10,0.1,site,True,0.75,0.8447,0.052456,False
2.0,10,0.1,record,True,0.61,0.9386,0.078878,False
2.0,11,0.05,site,False,,,,
2.0,11,0.05,record,True,0.79,0.8354,0.048516,False
2.0,11,0.1,site,True,0.77,0.8509,0.052221,False
2.0,11,0.1,record,True,0.55,0.9765,0.091107,False
2.0,12,0.05,site,False,,,,
2.0,12,0.05,record,True,0.89,0.6913,0.02189,False
2.0,12,0.1,site,True,0.69,0.8895,0.055588,False
2.0,12,0.1,record,True,0.63,0.9272,0.066841,False
2.0,13,0.05,site,False,,,,
2.0,13,0.05,record,True,0.83,0.8194,0.034915,False
2.0,13,0.1,site,True,0.73,0.8907,0.050749,False
2.0,13,0.1,record,True,0.55,0.9787,0.081172,False
2.0,14,0.05,site,False,,,,
2.0,14,0.05,record,True,0.85,0.8115,0.031379,False
2.0,14,0.1,site,True,0.79,0.8606,0.041459,False
2.0,14,0.1,record,True,0.63,0.9455,0.064516,False
2.0,15,0.05,site,False,,,,
2.0,15,0.05,record,True,0.85,0.7652,0.036113,False
2.0,15,0.1,site,True,0.77,0.8396,0.050914,False
2.0,15,0.1,record,True,0.57,0.9636,0.088292,False
2.0,16,0.05,site,False,,,,
2.0,16,0.05,record,True,0.89,0.7148,0.033059,False
2.0,16,0.1,site,True,0.85,0.7656,0.040262,False
2.0,16,0.1,record,True,0.69,0.8942,0.069574,False
2.0,17,0.05,site,False,,,,
2.0,17,0.05,record,True,0.83,0.8015,0.03502,False
2.0,17,0.1,site,True,0.71,0.8922,0.055389,False
2.0,17,0.1,record,True,0.55,0.9765,0.085293,False
2.0,18,0.05,site,False,,,,
2.0,18,0.05,record,True,0.77,0.8444,0.04908,False
2.0,18,0.1,site,True,0.69,0.8987,0.062329,False
2.0,18,0.1,record,True,0.55,0.975,0.088193,False
2.0,19,0.05,site,False,,,,
2.0,19,0.05,record,True,0.77,0.841,0.044634,False
2.0,19,0.1,site,True,0.67,0.9087,0.060709,False
2.0,19,0.1,record,True,0.55,0.9736,0.082777,False
2.0,20,0.05,site,False,,,,
2.0,20,0.05,record,True,0.79,0.8232,0.045485,False
2.0,20,0.1,site,True,0.81,0.8055,0.042286,False
2.0,20,0.1,record,True,0.55,0.9739,0.089566,False
2.0,21,0.05,site,False,,,,
2.0,21,0.05,record,True,0.79,0.8138,0.040738,False
2.0,21,0.1,site,True,0.73,0.863,0.050711,False
2.0,21,0.1,record,True,0.59,0.9508,0.077885,False
2.0,22,0.05,site,False,,,,
2.0,22,0.05,record,True,0.77,0.8202,0.041418,False
2.0,22,0.1,site,True,0.69,0.8825,0.055785,False
2.0,22,0.1,record,True,0.55,0.9711,0.084139,False
2.0,23,0.05,site,False,,,,
2.0,23,0.05,record,True,0.85,0.801,0.03523,False
2.0,23,0.1,site,True,0.79,0.8517,0.045314,False
2.0,23,0.1,record,True,0.57,0.97,0.079589,False
2.0,24,0.05,site,False,,,,
2.0,24,0.05,record,True,0.81,0.8113,0.035466,False
2.0,24,0.1,site,True,0.71,0.8866,0.051598,False
2.0,24,0.1,record,True,0.55,0.9749,0.079725,False
2.0,25,0.05,site,False,,,,
2.0,25,0.05,record,True,0.77,0.8154,0.044085,False
2.0,25,0.1,site,True,0.71,0.8652,0.055302,False
2.0,25,0.1,record,True,0.55,0.9706,0.087838,False
2.0,26,0.05,site,False,,,,
2.0,26,0.05,record,True,0.81,0.8056,0.048364,False
2.0,26,0.1,site,True,0.67,0.9084,0.075011,False
2.0,26,0.1,record,True,0.55,0.9745,0.097775,False
2.0,27,0.05,site,False,,,,
2.0,27,0.05,record,True,0.85,0.7936,0.038621,False
2.0,27,0.1,site,True,0.75,0.8734,0.055512,False
2.0,27,0.1,record,True,0.59,0.9586,0.082886,False
2.0,28,0.05,site,False,,,,
2.0,28,0.05,record,True,0.79,0.7874,0.042005,False
2.0,28,0.1,site,True,0.81,0.7661,0.038491,False
2.0,28,0.1,record,True,0.55,0.9686,0.092108,False
2.0,29,0.05,site,False,,,,
2.0,29,0.05,record,True,0.83,0.7891,0.042457,False
2.0,29,0.1,site,True,0.77,0.8411,0.053279,False
2.0,29,0.1,record,True,0.55,0.974,0.093095,False
2.0,30,0.05,site,False,,,,
2.0,30,0.05,record,True,0.87,0.7769,0.037171,False
2.0,30,0.1,site,True,0.77,0.8615,0.054439,False
2.0,30,0.1,record,True,0.63,0.9402,0.078384,False
2.0,31,0.05,site,False,,,,
2.0,31,0.05,record,True,0.85,0.7423,0.032344,False
2.0,31,0.1,site,True,0.77,0.8249,0.046504,False
2.0,31,0.1,record,True,0.61,0.9374,0.074861,False
2.0,32,0.05,site,False,,,,
2.0,32,0.05,record,True,0.85,0.7779,0.031695,False
2.0,32,0.1,site,True,0.73,0.877,0.050428,False
2.0,32,0.1,record,True,0.55,0.9757,0.080722,False
2.0,33,0.05,site,False,,,,
2.0,33,0.05,record,True,0.83,0.7623,0.033355,False
2.0,33,0.1,site,True,0.73,0.8537,0.051721,False
2.0,33,0.1,record,True,0.55,0.9718,0.088258,False
2.0,34,0.05,site,False,,,,
2.0,34,0.05,record,True,0.73,0.8568,0.051998,True
2.0,34,0.1,site,True,0.73,0.8568,0.051998,False
2.0,34,0.1,record,True,0.55,0.9714,0.08626,False
2.0,35,0.05,site,False,,,,
2.0,35,0.05,record,True,0.85,0.7616,0.045332,False
2.0,35,0.1,site,True,0.87,0.7381,0.041439,False
2.0,35,0.1,record,True,0.63,0.928,0.085673,False
2.0,36,0.05,site,False,,,,
2.0,36,0.05,record,True,0.91,0.7207,0.029555,False
2.0,36,0.1,site,True,0.79,0.8499,0.054356,False
2.0,36,0.1,record,True,0.67,0.9211,0.073963,False
2.0,37,0.05,site,False,,,,
2.0,37,0.05,record,True,0.95,0.6233,0.018858,False
2.0,37,0.1,site,True,0.93,0.6764,0.023922,False
2.0,37,0.1,record,True,0.77,0.8619,0.055549,False
2.0,38,0.05,site,False,,,,
2.0,38,0.05,record,True,0.79,0.8264,0.043407,False
2.0,38,0.1,site,True,0.65,0.921,0.067097,False
2.0,38,0.1,record,True,0.55,0.9748,0.085817,False
2.0,39,0.05,site,False,,,,
2.0,39,0.05,record,True,0.81,0.7837,0.039537,False
2.0,39,0.1,site,True,0.75,0.8386,0.05068,False
2.0,39,0.1,record,True,0.55,0.9719,0.088557,False
2.0,40,0.05,site,False,,,,
2.0,40,0.05,record,True,0.85,0.7694,0.033045,False
2.0,40,0.1,site,True,0.71,0.8852,0.056635,False
2.0,40,0.1,record,True,0.57,0.9649,0.080971,False
2.0,41,0.05,site,False,,,,
2.0,41,0.05,record,True,0.87,0.7671,0.030348,False
2.0,41,0.1,site,True,0.71,0.8962,0.056467,False
2.0,41,0.1,record,True,0.57,0.9676,0.078876,False
2.0,42,0.05,site,False,,,,
2.0,42,0.05,record,True,0.85,0.7431,0.033591,False
2.0,42,0.1,site,True,0.75,0.8414,0.051821,False
2.0,42,0.1,record,True,0.61,0.9364,0.078603,False
2.0,43,0.05,site,False,,,,
2.0,43,0.05,record,True,0.79,0.8397,0.044382,False
2.0,43,0.1,site,True,0.69,0.9063,0.060195,False
2.0,43,0.1,record,True,0.55,0.9769,0.083607,False
2.0,44,0.05,site,False,,,,
2.0,44,0.05,record,True,0.93,0.6255,0.015285,False
2.0,44,0.1,site,True,0.79,0.8208,0.038672,False
2.0,44,0.1,record,True,0.71,0.8817,0.05109,False
2.0,45,0.05,site,False,,,,
2.0,45,0.05,record,True,0.85,0.7885,0.034292,False
2.0,45,0.1,site,True,0.69,0.9068,0.060149,False
2.0,45,0.1,record,True,0.55,0.9771,0.084924,False
2.0,46,0.05,site,False,,,,
2.0,46,0.05,record,True,0.91,0.6699,0.02597,False
2.0,46,0.1,site,True,0.79,0.8169,0.049273,False
2.0,46,0.1,record,True,0.71,0.8765,0.062552,False
2.0,47,0.05,site,False,,,,
2.0,47,0.05,record,True,0.81,0.8081,0.040325,False
2.0,47,0.1,site,True,0.75,0.856,0.05021,False
2.0,47,0.1,record,True,0.55,0.9739,0.084797,False
2.0,48,0.05,site,False,,,,
2.0,48,0.05,record,True,0.81,0.812,0.039877,False
2.0,48,0.1,site,True,0.75,0.8598,0.049053,False
2.0,48,0.1,record,True,0.57,0.965,0.078471,False
2.0,49,0.05,site,False,,,,
2.0,49,0.05,record,True,0.85,0.7699,0.029455,False
2.0,49,0.1,site,True,0.81,0.8115,0.03598,False
2.0,49,0.1,record,True,0.57,0.9648,0.077121,False
2.0,50,0.05,site,False,,,,
2.0,50,0.05,record,True,0.89,0.7181,0.023366,False
2.0,50,0.1,site,True,0.73,0.8746,0.048647,False
2.0,50,0.1,record,True,0.57,0.9643,0.076594,False
2.0,51,0.05,site,False,,,,
2.0,51,0.05,record,True,0.91,0.6941,0.023146,False
2.0,51,0.1,site,True,0.75,0.8648,0.051443,False
2.0,51,0.1,record,True,0.69,0.903,0.061654,False
2.0,52,0.05,site,False,,,,
2.0,52,0.05,record,True,0.81,0.8016,0.044289,False
2.0,52,0.1,site,True,0.79,0.8204,0.047755,False
2.0,52,0.1,record,True,0.55,0.9732,0.08997,False
2.0,53,0.05,site,False,,,,
2.0,53,0.05,record,True,0.83,0.7495,0.036292,False
2.0,53,0.1,site,True,0.67,0.8909,0.067054,False
2.0,53,0.1,record,True,0.59,0.9441,0.081866,False
2.0,54,0.05,site,False,,,,
2.0,54,0.05,record,True,0.89,0.7062,0.02477,False
2.0,54,0.1,site,True,0.73,0.867,0.051662,False
2.0,54,0.1,record,True,0.65,0.9185,0.064785,False
2.0,55,0.05,site,False,,,,
2.0,55,0.05,record,True,0.85,0.7737,0.03733,False
2.0,55,0.1,site,True,0.71,0.8867,0.062597,False
2.0,55,0.1,record,True,0.55,0.9743,0.090423,False
2.0,56,0.05,site,False,,,,
2.0,56,0.05,record,True,0.77,0.8336,0.045966,False
2.0,56,0.1,site,True,0.75,0.8499,0.049273,False
2.0,56,0.1,record,True,0.55,0.9729,0.084754,False
2.0,57,0.05,site,False,,,,
2.0,57,0.05,record,True,0.77,0.8371,0.042932,False
2.0,57,0.1,site,True,0.71,0.8809,0.053031,False
2.0,57,0.1,record,True,0.55,0.9743,0.082319,False
2.0,58,0.05,site,False,,,,
2.0,58,0.05,record,True,0.85,0.7662,0.031369,False
2.0,58,0.1,site,True,0.73,0.8719,0.050933,False
2.0,58,0.1,record,True,0.55,0.9753,0.081079,False
2.0,59,0.05,site,False,,,,
2.0,59,0.05,record,True,0.87,0.7619,0.032342,False
2.0,59,0.1,site,True,0.83,0.8054,0.039407,False
2.0,59,0.1,record,True,0.63,0.9374,0.073129,False
2.0,60,0.05,site,False,,,,
2.0,60,0.05,record,True,0.77,0.8369,0.046335,False
2.0,60,0.1,site,True,0.69,0.8934,0.06206,False
2.0,60,0.1,record,True,0.55,0.9735,0.088081,False
2.0,61,0.05,site,False,,,,
2.0,61,0.05,record,True,0.87,0.731,0.030742,False
2.0,61,0.1,site,True,0.77,0.8351,0.048748,False
2.0,61,0.1,record,True,0.67,0.9061,0.067245,False
2.0,62,0.05,site,False,,,,
2.0,62,0.05,record,True,0.77,0.8298,0.046894,False
2.0,62,0.1,site,True,0.79,0.8126,0.043527,False
2.0,62,0.1,record,True,0.55,0.9717,0.086003,False
2.0,63,0.05,site,False,,,,
2.0,63,0.05,record,True,0.87,0.7573,0.02894,False
2.0,63,0.1,site,True,0.79,0.8369,0.0421,False
2.0,63,0.1,record,True,0.55,0.9764,0.084323,False
2.0,64,0.05,site,False,,,,
2.0,64,0.05,record,True,0.87,0.7437,0.030975,False
2.0,64,0.1,site,True,0.77,0.8425,0.049252,False
2.0,64,0.1,record,True,0.65,0.921,0.069913,False
2.0,65,0.05,site,False,,,,
2.0,65,0.05,record,True,0.85,0.7539,0.028752,False
2.0,65,0.1,site,True,0.71,0.8779,0.05161,False
2.0,65,0.1,record,True,0.63,0.9288,0.066058,False
2.0,66,0.05,site,False,,,,
2.0,66,0.05,record,True,0.75,0.8421,0.047341,False
2.0,66,0.1,site,True,0.65,0.9127,0.067218,False
2.0,66,0.1,record,True,0.55,0.9719,0.087065,False
2.0,67,0.05,site,False,,,,
2.0,67,0.05,record,True,0.87,0.7263,0.03097,False
2.0,67,0.1,site,True,0.77,0.8314,0.050231,False
2.0,67,0.1,record,True,0.57,0.9618,0.086972,False
2.0,68,0.05,site,False,,,,
2.0,68,0.05,record,False,,,,
2.0,68,0.1,site,True,0.75,0.8556,0.054705,False
2.0,68,0.1,record,True,0.63,0.9303,0.076037,False
2.0,69,0.05,site,False,,,,
2.0,69,0.05,record,True,0.79,0.832,0.042235,False
2.0,69,0.1,site,True,0.71,0.8891,0.055748,False
2.0,69,0.1,record,True,0.55,0.9754,0.083706,False
2.0,70,0.05,site,False,,,,
2.0,70,0.05,record,True,0.85,0.7606,0.032296,False
2.0,70,0.1,site,True,0.67,0.9073,0.062228,False
2.0,70,0.1,record,True,0.61,0.9416,0.072823,False
2.0,71,0.05,site,False,,,,
2.0,71,0.05,record,True,0.87,0.7606,0.036942,False
2.0,71,0.1,site,True,0.85,0.7838,0.041511,False
2.0,71,0.1,record,True,0.59,0.9568,0.084982,False
2.0,72,0.05,site,False,,,,
2.0,72,0.05,record,True,0.83,0.7647,0.035554,False
2.0,72,0.1,site,True,0.71,0.8719,0.058044,False
2.0,72,0.1,record,True,0.61,0.9369,0.077222,False
2.0,73,0.05,site,False,,,,
2.0,73,0.05,record,True,0.85,0.7521,0.040685,False
2.0,73,0.1,site,True,0.73,0.8621,0.063288,False
2.0,73,0.1,record,True,0.59,0.951,0.088863,False
2.0,74,0.05,site,False,,,,
2.0,74,0.05,record,True,0.85,0.7706,0.031226,False
2.0,74,0.1,site,True,0.69,0.9006,0.057295,False
2.0,74,0.1,record,True,0.55,0.9756,0.084013,False
2.0,75,0.05,site,False,,,,
2.0,75,0.05,record,True,0.79,0.8126,0.041313,False
2.0,75,0.1,site,True,0.75,0.8463,0.048229,False
2.0,75,0.1,record,True,0.55,0.9728,0.085716,False
2.0,76,0.05,site,False,,,,
2.0,76,0.05,record,True,0.83,0.7832,0.036229,False
2.0,76,0.1,site,True,0.77,0.838,0.045675,False
2.0,76,0.1,record,True,0.55,0.9735,0.084703,False
2.0,77,0.05,site,False,,,,
2.0,77,0.05,record,True,0.77,0.8645,0.053152,True
2.0,77,0.1,site,True,0.75,0.8774,0.056565,False
2.0,77,0.1,record,True,0.55,0.9777,0.087728,False
2.0,78,0.05,site,False,,,,
2.0,78,0.05,record,True,0.75,0.8292,0.054861,True
2.0,78,0.1,site,True,0.73,0.8454,0.058148,False
2.0,78,0.1,record,True,0.55,0.9691,0.095222,False
2.0,79,0.05,site,False,,,,
2.0,79,0.05,record,False,,,,
2.0,79,0.1,site,True,0.83,0.8168,0.038009,False
2.0,79,0.1,record,True,0.79,0.8491,0.044909,False
2.0,80,0.05,site,False,,,,
2.0,80,0.05,record,True,0.81,0.8112,0.042301,False
2.0,80,0.1,site,True,0.69,0.8986,0.063959,False
2.0,80,0.1,record,True,0.55,0.9746,0.089695,False
2.0,81,0.05,site,False,,,,
2.0,81,0.05,record,True,0.89,0.7646,0.029032,False
2.0,81,0.1,site,True,0.77,0.8717,0.04866,False
2.0,81,0.1,record,True,0.67,0.9269,0.064671,False
2.0,82,0.05,site,False,,,,
2.0,82,0.05,record,True,0.81,0.8185,0.038409,False
2.0,82,0.1,site,True,0.79,0.8354,0.041347,False
2.0,82,0.1,record,True,0.55,0.9753,0.080457,False
2.0,83,0.05,site,False,,,,
2.0,83,0.05,record,True,0.83,0.7847,0.034421,False
2.0,83,0.1,site,True,0.73,0.8672,0.050354,False
2.0,83,0.1,record,True,0.61,0.9408,0.070087,False
2.0,84,0.05,site,False,,,,
2.0,84,0.05,record,True,0.89,0.698,0.023596,False
2.0,84,0.1,site,True,0.75,0.8479,0.04761,False
2.0,84,0.1,record,True,0.65,0.9155,0.064556,False
2.0,85,0.05,site,False,,,,
2.0,85,0.05,record,True,0.75,0.8607,0.05174,True
2.0,85,0.1,site,True,0.73,0.8744,0.054976,False
2.0,85,0.1,record,True,0.55,0.975,0.085443,False
2.0,86,0.05,site,False,,,,
2.0,86,0.05,record,True,0.85,0.7642,0.035199,False
2.0,86,0.1,site,True,0.73,0.8688,0.056556,False
2.0,86,0.1,record,True,0.57,0.9637,0.085905,False
2.0,87,0.05,site,False,,,,
2.0,87,0.05,record,True,0.83,0.7689,0.037306,False
2.0,87,0.1,site,True,0.71,0.8723,0.059063,False
2.0,87,0.1,record,True,0.55,0.9721,0.090904,False
2.0,88,0.05,site,False,,,,
2.0,88,0.05,record,True,0.75,0.8474,0.043321,False
2.0,88,0.1,site,True,0.71,0.8763,0.049827,False
2.0,88,0.1,record,True,0.55,0.9724,0.079536,False
2.0,89,0.05,site,False,,,,
2.0,89,0.05,record,True,0.87,0.726,0.027724,False
2.0,89,0.1,site,True,0.75,0.8485,0.048963,False
2.0,89,0.1,record,True,0.67,0.9041,0.063877,False
2.0,90,0.05,site,False,,,,
2.0,90,0.05,record,True,0.83,0.8175,0.04514,False
2.0,90,0.1,site,True,0.75,0.8765,0.06062,False
2.0,90,0.1,record,True,0.55,0.9775,0.093905,False
2.0,91,0.05,site,False,,,,
2.0,91,0.05,record,True,0.89,0.7299,0.023357,False
2.0,91,0.1,site,True,0.77,0.8521,0.043706,False
2.0,91,0.1,record,True,0.71,0.8926,0.053423,False
2.0,92,0.05,site,False,,,,
2.0,92,0.05,record,True,0.83,0.7964,0.043883,False
2.0,92,0.1,site,True,0.75,0.8618,0.057757,False
2.0,92,0.1,record,True,0.55,0.9755,0.092658,False
2.0,93,0.05,site,False,,,,
2.0,93,0.05,record,True,0.89,0.7105,0.02827,False
2.0,93,0.1,site,True,0.77,0.8418,0.050529,False
2.0,93,0.1,record,True,0.65,0.9203,0.072214,False
2.0,94,0.05,site,False,,,,
2.0,94,0.05,record,True,0.83,0.7695,0.03396,False
2.0,94,0.1,site,True,0.81,0.7912,0.037102,False
2.0,94,0.1,record,True,0.55,0.972,0.08621,False
2.0,95,0.05,site,False,,,,
2.0,95,0.05,record,True,0.75,0.8625,0.055579,True
2.0,95,0.1,site,True,0.75,0.8625,0.055579,False
2.0,95,0.1,record,True,0.55,0.9757,0.090258,False
2.0,96,0.05,site,False,,,,
2.0,96,0.05,record,True,0.81,0.8129,0.049933,False
2.0,96,0.1,site,True,0.75,0.8599,0.061195,False
2.0,96,0.1,record,True,0.55,0.9741,0.098015,False
2.0,97,0.05,site,False,,,,
2.0,97,0.05,record,True,0.87,0.7355,0.027484,False
2.0,97,0.1,site,True,0.75,0.8526,0.04855,False
2.0,97,0.1,record,True,0.61,0.9415,0.072513,False
2.0,98,0.05,site,False,,,,
2.0,98,0.05,record,True,0.91,0.676,0.023845,False
2.0,98,0.1,site,True,0.87,0.7392,0.03146,False
2.0,98,0.1,record,True,0.63,0.9307,0.072925,False
2.0,99,0.05,site,False,,,,
2.0,99,0.05,record,True,0.73,0.8668,0.059749,True
2.0,99,0.1,site,True,0.67,0.9056,0.071797,False
2.0,99,0.1,record,True,0.55,0.9739,0.093869,False
2.0,100,0.05,site,False,,,,
2.0,100,0.05,record,True,0.77,0.8053,0.045368,False
2.0,100,0.1,site,True,0.73,0.8407,0.053015,False
2.0,100,0.1,record,True,0.57,0.9561,0.085218,False
2.0,101,0.05,site,False,,,,
2.0,101,0.05,record,True,0.77,0.8076,0.051373,True
2.0,101,0.1,site,True,0.65,0.9035,0.075398,False
2.0,101,0.1,record,True,0.55,0.9682,0.095873,False
2.0,102,0.05,site,False,,,,
2.0,102,0.05,record,True,0.75,0.8533,0.046629,False
2.0,102,0.1,site,True,0.75,0.8533,0.046629,False
2.0,102,0.1,record,True,0.55,0.9731,0.081132,False
2.0,103,0.05,site,False,,,,
2.0,103,0.05,record,True,0.87,0.7408,0.033091,False
2.0,103,0.1,site,True,0.77,0.8384,0.050441,False
2.0,103,0.1,record,True,0.59,0.953,0.081212,False
2.0,104,0.05,site,False,,,,
2.0,104,0.05,record,True,0.85,0.7758,0.036954,False
2.0,104,0.1,site,True,0.79,0.8314,0.047877,False
2.0,104,0.1,record,True,0.61,0.9448,0.079001,False
2.0,105,0.05,site,False,,,,
2.0,105,0.05,record,True,0.81,0.8229,0.039591,False
2.0,105,0.1,site,True,0.77,0.8541,0.046335,False
2.0,105,0.1,record,True,0.55,0.9766,0.085121,False
2.0,106,0.05,site,False,,,,
2.0,106,0.05,record,True,0.79,0.8171,0.04568,False
2.0,106,0.1,site,True,0.83,0.779,0.038516,False
2.0,106,0.1,record,True,0.55,0.9727,0.090257,False
2.0,107,0.05,site,False,,,,
2.0,107,0.05,record,True,0.85,0.7389,0.034932,False
2.0,107,0.1,site,True,0.71,0.87,0.061338,False
2.0,107,0.1,record,True,0.55,0.9715,0.092835,False
2.0,108,0.05,site,False,,,,
2.0,108,0.05,record,True,0.75,0.864,0.04574,False
2.0,108,0.1,site,True,0.69,0.9022,0.05603,False
2.0,108,0.1,record,True,0.55,0.9764,0.078896,False
2.0,109,0.05,site,False,,,,
2.0,109,0.05,record,True,0.87,0.7592,0.030684,False
2.0,109,0.1,site,True,0.75,0.8665,0.051124,False
2.0,109,0.1,record,True,0.63,0.9366,0.070712,False
2.0,110,0.05,site,False,,,,
2.0,110,0.05,record,True,0.85,0.7639,0.038524,False
2.0,110,0.1,site,True,0.75,0.8537,0.056592,False
2.0,110,0.1,record,True,0.55,0.9731,0.092639,False
2.0,111,0.05,site,False,,,,
2.0,111,0.05,record,True,0.73,0.8649,0.059483,True
2.0,111,0.1,site,True,0.73,0.8649,0.059483,False
2.0,111,0.1,record,True,0.55,0.9728,0.090134,False
2.0,112,0.05,site,False,,,,
2.0,112,0.05,record,True,0.79,0.8186,0.049937,False
2.0,112,0.1,site,True,0.77,0.8352,0.053409,False
2.0,112,0.1,record,True,0.55,0.9726,0.091781,False
2.0,113,0.05,site,False,,,,
2.0,113,0.05,record,True,0.75,0.862,0.061222,True
2.0,113,0.1,site,True,0.73,0.8751,0.064663,False
2.0,113,0.1,record,True,0.55,0.975,0.097946,False
2.0,114,0.05,site,False,,,,
2.0,114,0.05,record,True,0.79,0.8134,0.044244,False
2.0,114,0.1,site,True,0.73,0.8619,0.054507,False
2.0,114,0.1,record,True,0.55,0.9724,0.088479,False
2.0,115,0.05,site,False,,,,
2.0,115,0.05,record,True,0.81,0.795,0.037359,False
2.0,115,0.1,site,True,0.69,0.8906,0.059283,False
2.0,115,0.1,record,True,0.57,0.9618,0.08183,False
2.0,116,0.05,site,False,,,,
2.0,116,0.05,record,True,0.87,0.7526,0.028108,False
2.0,116,0.1,site,True,0.71,0.8889,0.054382,False
2.0,116,0.1,record,True,0.63,0.9347,0.067798,False
2.0,117,0.05,site,False,,,,
2.0,117,0.05,record,True,0.81,0.7973,0.044951,False
2.0,117,0.1,site,True,0.73,0.8627,0.059506,False
2.0,117,0.1,record,True,0.57,0.9617,0.087618,False
2.0,118,0.05,site,False,,,,
2.0,118,0.05,record,True,0.85,0.7722,0.034387,False
2.0,118,0.1,site,True,0.75,0.8613,0.052185,False
2.0,118,0.1,record,True,0.55,0.9755,0.086267,False
2.0,119,0.05,site,False,,,,
2.0,119,0.05,record,True,0.91,0.6911,0.029676,False
2.0,119,0.1,site,True,0.79,0.8298,0.054731,False
2.0,119,0.1,record,True,0.65,0.9227,0.080713,False
2.0,120,0.05,site,False,,,,
2.0,120,0.05,record,True,0.77,0.8364,0.049075,False
2.0,120,0.1,site,True,0.73,0.8668,0.055724,False
2.0,120,0.1,record,True,0.55,0.9737,0.086257,False
2.0,121,0.05,site,False,,,,
2.0,121,0.05,record,True,0.75,0.8491,0.051582,True
2.0,121,0.1,site,True,0.71,0.8779,0.058616,False
2.0,121,0.1,record,True,0.55,0.9734,0.089538,False
2.0,122,0.05,site,False,,,,
2.0,122,0.05,record,True,0.85,0.7856,0.033014,False
2.0,122,0.1,site,True,0.75,0.8686,0.04916,False
2.0,122,0.1,record,True,0.57,0.9679,0.08072,False
2.0,123,0.05,site,False,,,,
2.0,123,0.05,record,True,0.83,0.8095,0.045228,False
2.0,123,0.1,site,True,0.77,0.8568,0.055472,False
2.0,123,0.1,record,True,0.55,0.9764,0.093642,False
2.0,124,0.05,site,False,,,,
2.0,124,0.05,record,True,0.85,0.7458,0.035645,False
2.0,124,0.1,site,True,0.73,0.8575,0.058792,False
2.0,124,0.1,record,True,0.57,0.9602,0.08915,False
2.0,125,0.05,site,False,,,,
2.0,125,0.05,record,True,0.79,0.8283,0.04196,False
2.0,125,0.1,site,True,0.75,0.8592,0.049066,False
2.0,125,0.1,record,True,0.55,0.9747,0.085495,False
2.0,126,0.05,site,False,,,,
2.0,126,0.05,record,True,0.85,0.7543,0.03909,False
2.0,126,0.1,site,True,0.77,0.8319,0.054517,False
2.0,126,0.1,record,True,0.59,0.9502,0.086423,False
2.0,127,0.05,site,False,,,,
2.0,127,0.05,record,True,0.77,0.837,0.043072,False
2.0,127,0.1,site,True,0.71,0.8809,0.053603,False
2.0,127,0.1,record,True,0.55,0.9737,0.082588,False
2.0,128,0.05,site,False,,,,
2.0,128,0.05,record,True,0.89,0.715,0.02477,False
2.0,128,0.1,site,True,0.75,0.8587,0.049332,False
2.0,128,0.1,record,True,0.59,0.954,0.076682,False
2.0,129,0.05,site,False,,,,
2.0,129,0.05,record,True,0.93,0.6568,0.016005,False
2.0,129,0.1,site,True,0.81,0.8235,0.034999,False
2.0,129,0.1,record,True,0.65,0.9285,0.05969,False
2.0,130,0.05,site,False,,,,
2.0,130,0.05,record,True,0.85,0.7641,0.038453,False
2.0,130,0.1,site,True,0.71,0.8815,0.063138,False
2.0,130,0.1,record,True,0.55,0.9737,0.091506,False
2.0,131,0.05,site,False,,,,
2.0,131,0.05,record,True,0.87,0.7518,0.030847,False
2.0,131,0.1,site,True,0.77,0.8477,0.048351,False
2.0,131,0.1,record,True,0.65,0.9237,0.068333,False
2.0,132,0.05,site,False,,,,
2.0,132,0.05,record,True,0.75,0.8445,0.048053,False
2.0,132,0.1,site,True,0.71,0.8744,0.054765,False
2.0,132,0.1,record,True,0.55,0.9725,0.084044,False
2.0,133,0.05,site,False,,,,
2.0,133,0.05,record,True,0.81,0.7675,0.041591,False
2.0,133,0.1,site,True,0.77,0.8076,0.048705,False
2.0,133,0.1,record,True,0.57,0.9563,0.089596,False
2.0,134,0.05,site,False,,,,
2.0,134,0.05,record,True,0.81,0.8401,0.046429,False
2.0,134,0.1,site,True,0.87,0.7848,0.035878,False
2.0,134,0.1,record,True,0.55,0.9784,0.087339,False
2.0,135,0.05,site,False,,,,
2.0,135,0.05,record,True,0.91,0.7123,0.028245,False
2.0,135,0.1,site,True,0.79,0.8441,0.050583,False
2.0,135,0.1,record,True,0.63,0.939,0.076208,False
2.0,136,0.05,site,False,,,,
2.0,136,0.05,record,True,0.85,0.7708,0.034462,False
2.0,136,0.1,site,True,0.75,0.8601,0.051595,False
2.0,136,0.1,record,True,0.59,0.9545,0.078857,False
2.0,137,0.05,site,False,,,,
2.0,137,0.05,record,True,0.83,0.7838,0.036278,False
2.0,137,0.1,site,True,0.71,0.8822,0.056647,False
2.0,137,0.1,record,True,0.59,0.9535,0.078924,False
2.0,138,0.05,site,False,,,,
2.0,138,0.05,record,True,0.83,0.7978,0.037958,False
2.0,138,0.1,site,True,0.71,0.8905,0.058358,False
2.0,138,0.1,record,True,0.55,0.976,0.086418,False
2.0,139,0.05,site,False,,,,
2.0,139,0.05,record,True,0.83,0.7968,0.034858,False
2.0,139,0.1,site,True,0.75,0.8631,0.04849,False
2.0,139,0.1,record,True,0.59,0.9563,0.075077,False
2.0,140,0.05,site,False,,,,
2.0,140,0.05,record,True,0.71,0.9001,0.068629,True
2.0,140,0.1,site,True,0.81,0.8343,0.051822,False
2.0,140,0.1,record,True,0.55,0.9778,0.093183,False
2.0,141,0.05,site,False,,,,
2.0,141,0.05,record,True,0.87,0.7194,0.031156,False
2.0,141,0.1,site,True,0.75,0.8427,0.051523,False
2.0,141,0.1,record,True,0.63,0.9249,0.073096,False
2.0,142,0.05,site,False,,,,
2.0,142,0.05,record,True,0.93,0.6476,0.021321,False
2.0,142,0.1,site,True,0.81,0.8134,0.045611,False
2.0,142,0.1,record,True,0.67,0.911,0.070014,False
2.0,143,0.05,site,False,,,,
2.0,143,0.05,record,True,0.93,0.7032,0.022303,False
2.0,143,0.1,site,False,,,,
2.0,143,0.1,record,True,0.81,0.8476,0.046002,False
2.0,144,0.05,site,False,,,,
2.0,144,0.05,record,True,0.73,0.8879,0.06527,True
2.0,144,0.1,site,True,0.77,0.8614,0.058315,False
2.0,144,0.1,record,True,0.55,0.9777,0.09434,False
2.0,145,0.05,site,False,,,,
2.0,145,0.05,record,True,0.75,0.8472,0.0551,True
2.0,145,0.1,site,True,0.67,0.9029,0.069734,False
2.0,145,0.1,record,True,0.55,0.973,0.093144,False
2.0,146,0.05,site,False,,,,
2.0,146,0.05,record,True,0.77,0.8331,0.043952,False
2.0,146,0.1,site,True,0.79,0.8159,0.040553,False
2.0,146,0.1,record,True,0.55,0.9731,0.082557,False
2.0,147,0.05,site,False,,,,
2.0,147,0.05,record,True,0.87,0.7349,0.028363,False
2.0,147,0.1,site,True,0.73,0.8675,0.052882,False
2.0,147,0.1,record,True,0.59,0.9527,0.077378,False
2.0,148,0.05,site,False,,,,
2.0,148,0.05,record,True,0.81,0.8028,0.036958,False
2.0,148,0.1,site,True,0.73,0.8679,0.051015,False
2.0,148,0.1,record,True,0.57,0.9638,0.080441,False
2.0,149,0.05,site,False,,,,
2.0,149,0.05,record,True,0.85,0.7915,0.040139,False
2.0,149,0.1,site,True,0.77,0.8589,0.054677,False
2.0,149,0.1,record,True,0.61,0.9489,0.083384,False
2.0,150,0.05,site,False,,,,
2.0,150,0.05,record,True,0.87,0.7726,0.030158,False
2.0,150,0.1,site,True,0.81,0.8313,0.039867,False
2.0,150,0.1,record,True,0.67,0.9203,0.06266,False
2.0,151,0.05,site,False,,,,
2.0,151,0.05,record,True,0.83,0.7747,0.031472,False
2.0,151,0.1,site,True,0.73,0.8624,0.04756,False
2.0,151,0.1,record,True,0.61,0.9391,0.068658,False
2.0,152,0.05,site,False,,,,
2.0,152,0.05,record,True,0.87,0.7663,0.032568,False
2.0,152,0.1,site,True,0.75,0.8732,0.054183,False
2.0,152,0.1,record,True,0.59,0.9596,0.08256,False
2.0,153,0.05,site,False,,,,
2.0,153,0.05,record,True,0.91,0.6555,0.023798,False
2.0,153,0.1,site,True,0.77,0.8254,0.048386,False
2.0,153,0.1,record,True,0.65,0.9119,0.068433,False
2.0,154,0.05,site,False,,,,
2.0,154,0.05,record,True,0.75,0.8539,0.047098,False
2.0,154,0.1,site,True,0.71,0.8816,0.053615,False
2.0,154,0.1,record,True,0.55,0.9733,0.082335,False
2.0,155,0.05,site,False,,,,
2.0,155,0.05,record,True,0.87,0.7483,0.026822,False
2.0,155,0.1,site,True,0.75,0.8618,0.047331,False
2.0,155,0.1,record,True,0.57,0.9654,0.078415,False
2.0,156,0.05,site,False,,,,
2.0,156,0.05,record,True,0.79,0.8215,0.039599,False
2.0,156,0.1,site,True,0.75,0.8538,0.046802,False
2.0,156,0.1,record,True,0.57,0.9628,0.079082,False
2.0,157,0.05,site,False,,,,
2.0,157,0.05,record,True,0.89,0.7464,0.026933,False
2.0,157,0.1,site,True,0.81,0.8328,0.04196,False
2.0,157,0.1,record,True,0.63,0.9418,0.07198,False
2.0,158,0.05,site,False,,,,
2.0,158,0.05,record,True,0.85,0.8032,0.042252,False
2.0,158,0.1,site,True,0.81,0.8379,0.04947,False
2.0,158,0.1,record,True,0.55,0.9785,0.094098,False
2.0,159,0.05,site,False,,,,
2.0,159,0.05,record,True,0.91,0.6801,0.021654,False
2.0,159,0.1,site,True,0.75,0.8583,0.050026,False
2.0,159,0.1,record,True,0.65,0.9222,0.067842,False
2.0,160,0.05,site,False,,,,
2.0,160,0.05,record,True,0.81,0.8075,0.05016,True
2.0,160,0.1,site,True,0.73,0.8695,0.06597,False
2.0,160,0.1,record,True,0.61,0.9419,0.088396,False
2.0,161,0.05,site,False,,,,
2.0,161,0.05,record,True,0.83,0.7876,0.034856,False
2.0,161,0.1,site,True,0.67,0.9092,0.062992,False
2.0,161,0.1,record,True,0.59,0.9534,0.077735,False
2.0,162,0.05,site,False,,,,
2.0,162,0.05,record,True,0.87,0.7088,0.026676,False
2.0,162,0.1,site,True,0.73,0.8547,0.052018,False
2.0,162,0.1,record,True,0.63,0.9228,0.070049,False
2.0,163,0.05,site,False,,,,
2.0,163,0.05,record,True,0.79,0.8265,0.04293,False
2.0,163,0.1,site,True,0.69,0.8972,0.059709,False
2.0,163,0.1,record,True,0.55,0.9748,0.083991,False
2.0,164,0.05,site,False,,,,
2.0,164,0.05,record,True,0.77,0.852,0.050492,True
2.0,164,0.1,site,True,0.71,0.8913,0.061012,False
2.0,164,0.1,record,True,0.55,0.9762,0.08796,False
2.0,165,0.05,site,False,,,,
2.0,165,0.05,record,True,0.83,0.7812,0.042095,False
2.0,165,0.1,site,True,0.73,0.8654,0.060287,False
2.0,165,0.1,record,True,0.61,0.94,0.082776,False
2.0,166,0.05,site,False,,,,
2.0,166,0.05,record,True,0.81,0.7815,0.039369,False
2.0,166,0.1,site,True,0.73,0.8534,0.054099,False
2.0,166,0.1,record,True,0.55,0.9711,0.089843,False
2.0,167,0.05,site,False,,,,
2.0,167,0.05,record,True,0.77,0.8257,0.042487,False
2.0,167,0.1,site,True,0.71,0.8726,0.053173,False
2.0,167,0.1,record,True,0.55,0.9722,0.084205,False
2.0,168,0.05,site,False,,,,
2.0,168,0.05,record,True,0.79,0.8066,0.037961,False
2.0,168,0.1,site,True,0.69,0.8862,0.05516,False
2.0,168,0.1,record,True,0.55,0.9726,0.082782,False
2.0,169,0.05,site,False,,,,
2.0,169,0.05,record,True,0.83,0.7985,0.041528,False
2.0,169,0.1,site,True,0.77,0.8494,0.052048,False
2.0,169,0.1,record,True,0.55,0.9757,0.091679,False
2.0,170,0.05,site,False,,,,
2.0,170,0.05,record,True,0.81,0.8048,0.036832,False
2.0,170,0.1,site,True,0.75,0.8558,0.046299,False
2.0,170,0.1,record,True,0.55,0.9739,0.08202,False
2.0,171,0.05,site,False,,,,
2.0,171,0.05,record,True,0.83,0.7871,0.034239,False
2.0,171,0.1,site,True,0.77,0.8408,0.043791,False
2.0,171,0.1,record,True,0.59,0.9534,0.075048,False
2.0,172,0.05,site,False,,,,
2.0,172,0.05,record,True,0.79,0.8325,0.039869,False
2.0,172,0.1,site,True,0.73,0.8763,0.048975,False
2.0,172,0.1,record,True,0.55,0.9754,0.079694,False
2.0,173,0.05,site,False,,,,
2.0,173,0.05,record,True,0.77,0.8325,0.043815,False
2.0,173,0.1,site,True,0.75,0.8484,0.046888,False
2.0,173,0.1,record,True,0.55,0.9728,0.082365,False
2.0,174,0.05,site,False,,,,
2.0,174,0.05,record,True,0.77,0.8394,0.048732,False
2.0,174,0.1,site,True,0.75,0.8541,0.052232,False
2.0,174,0.1,record,True,0.55,0.9738,0.089255,False
2.0,175,0.05,site,False,,,,
2.0,175,0.05,record,True,0.71,0.8653,0.0598,True
2.0,175,0.1,site,True,0.71,0.8653,0.0598,False
2.0,175,0.1,record,True,0.55,0.9705,0.091867,False
2.0,176,0.05,site,False,,,,
2.0,176,0.05,record,True,0.89,0.7426,0.030614,False
2.0,176,0.1,site,True,0.71,0.8968,0.060799,False
2.0,176,0.1,record,True,0.55,0.9776,0.088378,False
2.0,177,0.05,site,False,,,,
2.0,177,0.05,record,True,0.81,0.7837,0.042313,False
2.0,177,0.1,site,True,0.69,0.8836,0.064474,False
2.0,177,0.1,record,True,0.61,0.9352,0.078741,False
2.0,178,0.05,site,False,,,,
2.0,178,0.05,record,True,0.85,0.7811,0.029446,False
2.0,178,0.1,site,True,0.73,0.88,0.047569,False
2.0,178,0.1,record,True,0.59,0.9573,0.068951,False
2.0,179,0.05,site,False,,,,
2.0,179,0.05,record,True,0.81,0.828,0.041259,False
2.0,179,0.1,site,True,0.79,0.8437,0.044772,False
2.0,179,0.1,record,True,0.55,0.9777,0.085121,False
2.0,180,0.05,site,False,,,,
2.0,180,0.05,record,True,0.89,0.6976,0.025761,False
2.0,180,0.1,site,True,0.73,0.8643,0.054744,False
2.0,180,0.1,record,True,0.59,0.9512,0.08061,False
2.0,181,0.05,site,False,,,,
2.0,181,0.05,record,True,0.81,0.7819,0.037337,False
2.0,181,0.1,site,True,0.71,0.8681,0.055189,False
2.0,181,0.1,record,True,0.61,0.9354,0.074315,False
2.0,182,0.05,site,False,,,,
2.0,182,0.05,record,True,0.85,0.7459,0.033005,False
2.0,182,0.1,site,True,0.69,0.885,0.06183,False
2.0,182,0.1,record,True,0.59,0.9481,0.081124,False
2.0,183,0.05,site,False,,,,
2.0,183,0.05,record,True,0.83,0.791,0.037477,False
2.0,183,0.1,site,True,0.75,0.8581,0.051701,False
2.0,183,0.1,record,True,0.55,0.9746,0.085649,False
2.0,184,0.05,site,False,,,,
2.0,184,0.05,record,True,0.87,0.717,0.032135,False
2.0,184,0.1,site,True,0.75,0.842,0.055818,False
2.0,184,0.1,record,True,0.67,0.9003,0.070354,False
2.0,185,0.05,site,False,,,,
2.0,185,0.05,record,True,0.77,0.8305,0.049843,False
2.0,185,0.1,site,True,0.71,0.8764,0.060454,False
2.0,185,0.1,record,True,0.55,0.9719,0.092148,False
2.0,186,0.05,site,False,,,,
2.0,186,0.05,record,True,0.77,0.8387,0.044387,False
2.0,186,0.1,site,True,0.69,0.8954,0.057374,False
2.0,186,0.1,record,True,0.55,0.9744,0.08269,False
2.0,187,0.05,site,False,,,,
2.0,187,0.05,record,True,0.87,0.7516,0.034024,False
2.0,187,0.1,site,True,0.87,0.7516,0.034024,False
2.0,187,0.1,record,True,0.71,0.8876,0.062741,False
2.0,188,0.05,site,False,,,,
2.0,188,0.05,record,True,0.81,0.7903,0.038596,False
2.0,188,0.1,site,True,0.75,0.8435,0.049521,False
2.0,188,0.1,record,True,0.55,0.9719,0.087097,False
2.0,189,0.05,site,False,,,,
2.0,189,0.05,record,True,0.89,0.7007,0.024728,False
2.0,189,0.1,site,True,0.81,0.8003,0.038837,False
2.0,189,0.1,record,True,0.69,0.8922,0.060364,False
2.0,190,0.05,site,False,,,,
2.0,190,0.05,record,True,0.85,0.7797,0.033727,False
2.0,190,0.1,site,True,0.77,0.8511,0.04843,False
2.0,190,0.1,record,True,0.63,0.9362,0.071616,False
2.0,191,0.05,site,False,,,,
2.0,191,0.05,record,True,0.79,0.8105,0.043864,False
2.0,191,0.1,site,True,0.71,0.8748,0.058559,False
2.0,191,0.1,record,True,0.55,0.9732,0.087882,False
2.0,192,0.05,site,False,,,,
2.0,192,0.05,record,True,0.87,0.7604,0.037314,False
2.0,192,0.1,site,True,0.81,0.8221,0.048565,False
2.0,192,0.1,record,True,0.59,0.9575,0.087482,False
2.0,193,0.05,site,False,,,,
2.0,193,0.05,record,True,0.91,0.693,0.0231,False
2.0,193,0.1,site,True,0.75,0.8628,0.051177,False
2.0,193,0.1,record,True,0.63,0.9344,0.070217,False
2.0,194,0.05,site,False,,,,
2.0,194,0.05,record,True,0.85,0.7871,0.034305,False
2.0,194,0.1,site,True,0.77,0.8558,0.047928,False
2.0,194,0.1,record,True,0.63,0.9382,0.070512,False
2.0,195,0.05,site,False,,,,
2.0,195,0.05,record,True,0.73,0.8668,0.053293,True
2.0,195,0.1,site,True,0.71,0.8805,0.056719,False
2.0,195,0.1,record,True,0.55,0.9736,0.086102,False
2.0,196,0.05,site,False,,,,
2.0,196,0.05,record,True,0.83,0.806,0.035974,False
2.0,196,0.1,site,True,0.81,0.8238,0.039468,False
2.0,196,0.1,record,True,0.57,0.967,0.079866,False
2.0,197,0.05,site,False,,,,
2.0,197,0.05,record,True,0.85,0.78,0.030495,False
2.0,197,0.1,site,True,0.71,0.8905,0.053136,False
2.0,197,0.1,record,True,0.55,0.976,0.080769,False
2.0,198,0.05,site,False,,,,
2.0,198,0.05,record,True,0.85,0.7676,0.032934,False
2.0,198,0.1,site,True,0.75,0.857,0.050682,False
2.0,198,0.1,record,True,0.61,0.9432,0.075331,False
2.0,199,0.05,site,False,,,,
2.0,199,0.05,record,True,0.87,0.7186,0.027444,False
2.0,199,0.1,site,True,0.73,0.8584,0.052743,False
2.0,199,0.1,record,True,0.61,0.9373,0.07478,False
