head,draw,alpha,certified,tau,coverage,rm_fresh,rm_exceed
gbm,0,0.05,False,,,,
gbm,0,0.1,True,0.55,0.9867,0.061997,False
linear,0,0.05,False,,,,
linear,0,0.1,True,0.55,0.9854,0.059679,False
gbm,1,0.05,False,,,,
gbm,1,0.1,True,0.55,0.9851,0.059794,False
linear,1,0.05,False,,,,
linear,1,0.1,True,0.55,0.9847,0.058322,False
gbm,2,0.05,False,,,,
gbm,2,0.1,True,0.55,0.9866,0.061229,False
linear,2,0.05,False,,,,
linear,2,0.1,True,0.55,0.9857,0.059303,False
gbm,3,0.05,False,,,,
gbm,3,0.1,True,0.57,0.9785,0.05964,False
linear,3,0.05,False,,,,
linear,3,0.1,True,0.57,0.977,0.057207,False
gbm,4,0.05,False,,,,
gbm,4,0.1,True,0.57,0.9819,0.058032,False
linear,4,0.05,False,,,,
linear,4,0.1,True,0.55,0.9859,0.058638,False
gbm,5,0.05,False,,,,
gbm,5,0.1,True,0.57,0.9798,0.057863,False
linear,5,0.05,False,,,,
linear,5,0.1,True,0.55,0.9845,0.058141,False
gbm,6,0.05,False,,,,
gbm,6,0.1,True,0.55,0.9854,0.059202,False
linear,6,0.05,False,,,,
linear,6,0.1,True,0.55,0.9859,0.058019,False
gbm,7,0.05,False,,,,
gbm,7,0.1,True,0.55,0.9854,0.0591,False
linear,7,0.05,False,,,,
linear,7,0.1,True,0.55,0.9843,0.057003,False
gbm,8,0.05,False,,,,
gbm,8,0.1,True,0.57,0.979,0.057833,False
linear,8,0.05,False,,,,
linear,8,0.1,True,0.55,0.9844,0.057698,False
gbm,9,0.05,False,,,,
gbm,9,0.1,True,0.55,0.9846,0.059587,False
linear,9,0.05,False,,,,
linear,9,0.1,True,0.55,0.9844,0.05732,False
gbm,10,0.05,False,,,,
gbm,10,0.1,True,0.55,0.9848,0.059702,False
linear,10,0.05,False,,,,
linear,10,0.1,True,0.55,0.9847,0.057431,False
gbm,11,0.05,False,,,,
gbm,11,0.1,True,0.55,0.9844,0.061834,False
linear,11,0.05,False,,,,
linear,11,0.1,True,0.55,0.9843,0.059469,False
gbm,12,0.05,False,,,,
gbm,12,0.1,True,0.57,0.9785,0.056722,False
linear,12,0.05,False,,,,
linear,12,0.1,True,0.55,0.9844,0.057425,False
gbm,13,0.05,False,,,,
gbm,13,0.1,True,0.55,0.9864,0.05839,False
linear,13,0.05,False,,,,
linear,13,0.1,True,0.55,0.9859,0.056311,False
gbm,14,0.05,False,,,,
gbm,14,0.1,True,0.59,0.9734,0.056821,False
linear,14,0.05,False,,,,
linear,14,0.1,True,0.57,0.9785,0.057441,False
gbm,15,0.05,False,,,,
gbm,15,0.1,True,0.57,0.9793,0.0588,False
linear,15,0.05,False,,,,
linear,15,0.1,True,0.55,0.9848,0.059622,False
gbm,16,0.05,False,,,,
gbm,16,0.1,True,0.55,0.9863,0.057838,False
linear,16,0.05,False,,,,
linear,16,0.1,True,0.55,0.9854,0.056393,False
gbm,17,0.05,False,,,,
gbm,17,0.1,True,0.55,0.9846,0.057311,False
linear,17,0.05,False,,,,
linear,17,0.1,True,0.55,0.9849,0.055731,False
gbm,18,0.05,False,,,,
gbm,18,0.1,True,0.57,0.9798,0.057476,False
linear,18,0.05,False,,,,
linear,18,0.1,True,0.55,0.9851,0.057406,False
gbm,19,0.05,False,,,,
gbm,19,0.1,True,0.55,0.9868,0.058262,False
linear,19,0.05,False,,,,
linear,19,0.1,True,0.55,0.9855,0.055603,False
gbm,20,0.05,False,,,,
gbm,20,0.1,True,0.57,0.9806,0.056256,False
linear,20,0.05,False,,,,
linear,20,0.1,True,0.55,0.9852,0.056847,False
gbm,21,0.05,False,,,,
gbm,21,0.1,True,0.55,0.9864,0.060212,False
linear,21,0.05,False,,,,
linear,21,0.1,True,0.55,0.9857,0.057759,False
gbm,22,0.05,False,,,,
gbm,22,0.1,True,0.57,0.9783,0.057188,False
linear,22,0.05,False,,,,
linear,22,0.1,True,0.55,0.9839,0.058459,False
gbm,23,0.05,False,,,,
gbm,23,0.1,True,0.55,0.9873,0.058617,False
linear,23,0.05,False,,,,
linear,23,0.1,True,0.55,0.9852,0.056583,False
gbm,24,0.05,False,,,,
gbm,24,0.1,True,0.55,0.9856,0.061035,False
linear,24,0.05,False,,,,
linear,24,0.1,True,0.55,0.9849,0.05995,False
gbm,25,0.05,False,,,,
gbm,25,0.1,True,0.57,0.9808,0.057027,False
linear,25,0.05,False,,,,
linear,25,0.1,True,0.55,0.9853,0.057343,False
gbm,26,0.05,False,,,,
gbm,26,0.1,True,0.59,0.9752,0.053396,False
linear,26,0.05,False,,,,
linear,26,0.1,True,0.57,0.9795,0.053199,False
gbm,27,0.05,False,,,,
gbm,27,0.1,True,0.55,0.9863,0.059375,False
linear,27,0.05,False,,,,
linear,27,0.1,True,0.55,0.9851,0.056629,False
gbm,28,0.05,False,,,,
gbm,28,0.1,True,0.55,0.9869,0.056876,False
linear,28,0.05,False,,,,
linear,28,0.1,True,0.55,0.9855,0.054371,False
gbm,29,0.05,False,,,,
gbm,29,0.1,True,0.55,0.9866,0.060207,False
linear,29,0.05,False,,,,
linear,29,0.1,True,0.55,0.9849,0.057863,False
gbm,30,0.05,False,,,,
gbm,30,0.1,True,0.59,0.9742,0.055632,False
linear,30,0.05,False,,,,
linear,30,0.1,True,0.55,0.9851,0.058204,False
gbm,31,0.05,False,,,,
gbm,31,0.1,True,0.57,0.9784,0.056481,False
linear,31,0.05,False,,,,
linear,31,0.1,True,0.55,0.9838,0.05576,False
gbm,32,0.05,False,,,,
gbm,32,0.1,True,0.55,0.9844,0.056928,False
linear,32,0.05,False,,,,
linear,32,0.1,True,0.55,0.9843,0.055278,False
gbm,33,0.05,False,,,,
gbm,33,0.1,True,0.55,0.9856,0.059215,False
linear,33,0.05,False,,,,
linear,33,0.1,True,0.55,0.9849,0.057909,False
gbm,34,0.05,False,,,,
gbm,34,0.1,True,0.55,0.9866,0.059231,False
linear,34,0.05,False,,,,
linear,34,0.1,True,0.55,0.9864,0.057435,False
gbm,35,0.05,False,,,,
gbm,35,0.1,True,0.57,0.9808,0.059231,False
linear,35,0.05,False,,,,
linear,35,0.1,True,0.55,0.9853,0.059957,False
gbm,36,0.05,False,,,,
gbm,36,0.1,True,0.59,0.9751,0.055543,False
linear,36,0.05,False,,,,
linear,36,0.1,True,0.55,0.9853,0.057923,False
gbm,37,0.05,False,,,,
gbm,37,0.1,True,0.55,0.9851,0.060805,False
linear,37,0.05,False,,,,
linear,37,0.1,True,0.55,0.9848,0.057996,False
gbm,38,0.05,False,,,,
gbm,38,0.1,True,0.55,0.9848,0.058677,False
linear,38,0.05,False,,,,
linear,38,0.1,True,0.55,0.9845,0.056978,False
gbm,39,0.05,False,,,,
gbm,39,0.1,True,0.59,0.9753,0.053626,False
linear,39,0.05,False,,,,
linear,39,0.1,True,0.57,0.9791,0.05256,False
gbm,40,0.05,False,,,,
gbm,40,0.1,True,0.55,0.9864,0.057657,False
linear,40,0.05,False,,,,
linear,40,0.1,True,0.55,0.9852,0.05542,False
gbm,41,0.05,False,,,,
gbm,41,0.1,True,0.57,0.9796,0.055854,False
linear,41,0.05,False,,,,
linear,41,0.1,True,0.55,0.9847,0.056413,False
gbm,42,0.05,False,,,,
gbm,42,0.1,True,0.55,0.9865,0.057336,False
linear,42,0.05,False,,,,
linear,42,0.1,True,0.55,0.9862,0.056064,False
gbm,43,0.05,False,,,,
gbm,43,0.1,True,0.57,0.9799,0.057907,False
linear,43,0.05,False,,,,
linear,43,0.1,True,0.55,0.9845,0.057934,False
gbm,44,0.05,False,,,,
gbm,44,0.1,True,0.55,0.9856,0.056502,False
linear,44,0.05,False,,,,
linear,44,0.1,True,0.55,0.9858,0.055405,False
gbm,45,0.05,False,,,,
gbm,45,0.1,True,0.57,0.98,0.058115,False
linear,45,0.05,False,,,,
linear,45,0.1,True,0.55,0.9857,0.059289,False
gbm,46,0.05,False,,,,
gbm,46,0.1,True,0.57,0.9796,0.060294,False
linear,46,0.05,False,,,,
linear,46,0.1,True,0.55,0.9846,0.060639,False
gbm,47,0.05,False,,,,
gbm,47,0.1,True,0.55,0.9851,0.059568,False
linear,47,0.05,False,,,,
linear,47,0.1,True,0.55,0.9842,0.057376,False
gbm,48,0.05,False,,,,
gbm,48,0.1,True,0.57,0.9808,0.055636,False
linear,48,0.05,False,,,,
linear,48,0.1,True,0.55,0.9856,0.055675,False
gbm,49,0.05,False,,,,
gbm,49,0.1,True,0.55,0.9864,0.059418,False
linear,49,0.05,False,,,,
linear,49,0.1,True,0.55,0.9854,0.057646,False
gbm,50,0.05,False,,,,
gbm,50,0.1,True,0.55,0.9857,0.056753,False
linear,50,0.05,False,,,,
linear,50,0.1,True,0.55,0.9864,0.055421,False
gbm,51,0.05,False,,,,
gbm,51,0.1,True,0.59,0.9742,0.05319,False
linear,51,0.05,False,,,,
linear,51,0.1,True,0.57,0.9793,0.053415,False
gbm,52,0.05,False,,,,
gbm,52,0.1,True,0.55,0.9858,0.057843,False
linear,52,0.05,False,,,,
linear,52,0.1,True,0.55,0.9854,0.055559,False
gbm,53,0.05,False,,,,
gbm,53,0.1,True,0.55,0.9857,0.056479,False
linear,53,0.05,False,,,,
linear,53,0.1,True,0.55,0.9857,0.05421,False
gbm,54,0.05,False,,,,
gbm,54,0.1,True,0.57,0.9795,0.056826,False
linear,54,0.05,False,,,,
linear,54,0.1,True,0.55,0.9851,0.05768,False
gbm,55,0.05,False,,,,
gbm,55,0.1,True,0.57,0.9821,0.05896,False
linear,55,0.05,False,,,,
linear,55,0.1,True,0.55,0.9864,0.058096,False
gbm,56,0.05,False,,,,
gbm,56,0.1,True,0.55,0.9854,0.061719,False
linear,56,0.05,False,,,,
linear,56,0.1,True,0.55,0.9844,0.059382,False
gbm,57,0.05,False,,,,
gbm,57,0.1,True,0.61,0.967,0.052404,False
linear,57,0.05,False,,,,
linear,57,0.1,True,0.57,0.9785,0.055205,False
gbm,58,0.05,False,,,,
gbm,58,0.1,True,0.59,0.9744,0.055842,False
linear,58,0.05,False,,,,
linear,58,0.1,True,0.59,0.9725,0.053477,False
gbm,59,0.05,False,,,,
gbm,59,0.1,True,0.55,0.9844,0.064455,False
linear,59,0.05,False,,,,
linear,59,0.1,True,0.55,0.9849,0.063348,False
gbm,60,0.05,False,,,,
gbm,60,0.1,True,0.55,0.9864,0.056858,False
linear,60,0.05,False,,,,
linear,60,0.1,True,0.55,0.9852,0.054963,False
gbm,61,0.05,False,,,,
gbm,61,0.1,True,0.55,0.9843,0.060335,False
linear,61,0.05,False,,,,
linear,61,0.1,True,0.55,0.9844,0.058656,False
gbm,62,0.05,False,,,,
gbm,62,0.1,True,0.57,0.9795,0.060082,False
linear,62,0.05,False,,,,
linear,62,0.1,True,0.55,0.9842,0.060308,False
gbm,63,0.05,False,,,,
gbm,63,0.1,True,0.61,0.9673,0.05192,False
linear,63,0.05,False,,,,
linear,63,0.1,True,0.61,0.9667,0.049331,False
gbm,64,0.05,False,,,,
gbm,64,0.1,True,0.55,0.9864,0.059253,False
linear,64,0.05,False,,,,
linear,64,0.1,True,0.55,0.9858,0.057484,False
gbm,65,0.05,False,,,,
gbm,65,0.1,True,0.57,0.9809,0.054034,False
linear,65,0.05,False,,,,
linear,65,0.1,True,0.55,0.9854,0.054087,False
gbm,66,0.05,False,,,,
gbm,66,0.1,True,0.55,0.9856,0.060676,False
linear,66,0.05,False,,,,
linear,66,0.1,True,0.55,0.9852,0.05881,False
gbm,67,0.05,False,,,,
gbm,67,0.1,True,0.59,0.976,0.056971,False
linear,67,0.05,False,,,,
linear,67,0.1,True,0.57,0.9798,0.056652,False
gbm,68,0.05,False,,,,
gbm,68,0.1,True,0.57,0.9797,0.056169,False
linear,68,0.05,False,,,,
linear,68,0.1,True,0.55,0.9847,0.056803,False
gbm,69,0.05,False,,,,
gbm,69,0.1,True,0.55,0.9858,0.055421,False
linear,69,0.05,False,,,,
linear,69,0.1,True,0.55,0.9857,0.0544,False
gbm,70,0.05,False,,,,
gbm,70,0.1,True,0.55,0.9857,0.059716,False
linear,70,0.05,False,,,,
linear,70,0.1,True,0.55,0.9848,0.056719,False
gbm,71,0.05,False,,,,
gbm,71,0.1,True,0.57,0.98,0.058554,False
linear,71,0.05,False,,,,
linear,71,0.1,True,0.55,0.9851,0.059004,False
gbm,72,0.05,False,,,,
gbm,72,0.1,True,0.55,0.9867,0.060581,False
linear,72,0.05,False,,,,
linear,72,0.1,True,0.55,0.9843,0.057579,False
gbm,73,0.05,False,,,,
gbm,73,0.1,True,0.57,0.9807,0.057585,False
linear,73,0.05,False,,,,
linear,73,0.1,True,0.55,0.9849,0.057901,False
gbm,74,0.05,False,,,,
gbm,74,0.1,True,0.55,0.9858,0.059311,False
linear,74,0.05,False,,,,
linear,74,0.1,True,0.55,0.9843,0.056188,False
gbm,75,0.05,False,,,,
gbm,75,0.1,True,0.57,0.9791,0.056098,False
linear,75,0.05,False,,,,
linear,75,0.1,True,0.55,0.9847,0.057043,False
gbm,76,0.05,False,,,,
gbm,76,0.1,True,0.55,0.9861,0.058168,False
linear,76,0.05,False,,,,
linear,76,0.1,True,0.55,0.9843,0.055636,False
gbm,77,0.05,False,,,,
gbm,77,0.1,True,0.55,0.9851,0.061922,False
linear,77,0.05,False,,,,
linear,77,0.1,True,0.55,0.9828,0.058942,False
gbm,78,0.05,False,,,,
gbm,78,0.1,True,0.57,0.9811,0.056024,False
linear,78,0.05,False,,,,
linear,78,0.1,True,0.55,0.9856,0.056205,False
gbm,79,0.05,False,,,,
gbm,79,0.1,True,0.55,0.9863,0.059879,False
linear,79,0.05,False,,,,
linear,79,0.1,True,0.55,0.9868,0.057761,False
gbm,80,0.05,False,,,,
gbm,80,0.1,True,0.57,0.9809,0.059843,False
linear,80,0.05,False,,,,
linear,80,0.1,True,0.55,0.9848,0.060192,False
gbm,81,0.05,False,,,,
gbm,81,0.1,True,0.55,0.9865,0.058688,False
linear,81,0.05,False,,,,
linear,81,0.1,True,0.55,0.9852,0.056583,False
gbm,82,0.05,False,,,,
gbm,82,0.1,True,0.55,0.9848,0.058789,False
linear,82,0.05,False,,,,
linear,82,0.1,True,0.55,0.9836,0.056438,False
gbm,83,0.05,False,,,,
gbm,83,0.1,True,0.57,0.9807,0.055442,False
linear,83,0.05,False,,,,
linear,83,0.1,True,0.55,0.985,0.055702,False
gbm,84,0.05,False,,,,
gbm,84,0.1,True,0.55,0.9853,0.060581,False
linear,84,0.05,False,,,,
linear,84,0.1,True,0.55,0.9853,0.058496,False
gbm,85,0.05,False,,,,
gbm,85,0.1,True,0.55,0.986,0.056131,False
linear,85,0.05,False,,,,
linear,85,0.1,True,0.55,0.9853,0.05372,False
gbm,86,0.05,False,,,,
gbm,86,0.1,True,0.55,0.9838,0.05999,False
linear,86,0.05,False,,,,
linear,86,0.1,True,0.55,0.9847,0.05799,False
gbm,87,0.05,False,,,,
gbm,87,0.1,True,0.55,0.9868,0.059774,False
linear,87,0.05,False,,,,
linear,87,0.1,True,0.55,0.9851,0.057795,False
gbm,88,0.05,False,,,,
gbm,88,0.1,True,0.61,0.9705,0.054391,False
linear,88,0.05,False,,,,
linear,88,0.1,True,0.61,0.9688,0.051721,False
gbm,89,0.05,False,,,,
gbm,89,0.1,True,0.59,0.9729,0.057133,False
linear,89,0.05,False,,,,
linear,89,0.1,True,0.55,0.9838,0.0597,False
gbm,90,0.05,False,,,,
gbm,90,0.1,True,0.55,0.9861,0.060053,False
linear,90,0.05,False,,,,
linear,90,0.1,True,0.55,0.985,0.057966,False
gbm,91,0.05,False,,,,
gbm,91,0.1,True,0.55,0.9851,0.061864,False
linear,91,0.05,False,,,,
linear,91,0.1,True,0.55,0.985,0.060615,False
gbm,92,0.05,False,,,,
gbm,92,0.1,True,0.55,0.9861,0.060087,False
linear,92,0.05,False,,,,
linear,92,0.1,True,0.55,0.9855,0.057309,False
gbm,93,0.05,False,,,,
gbm,93,0.1,True,0.61,0.9699,0.053184,False
linear,93,0.05,False,,,,
linear,93,0.1,True,0.59,0.9751,0.054228,False
gbm,94,0.05,False,,,,
gbm,94,0.1,True,0.61,0.9688,0.054025,False
linear,94,0.05,False,,,,
linear,94,0.1,True,0.59,0.9719,0.052754,False
gbm,95,0.05,False,,,,
gbm,95,0.1,True,0.57,0.981,0.058186,False
linear,95,0.05,False,,,,
linear,95,0.1,True,0.55,0.9854,0.058497,False
gbm,96,0.05,False,,,,
gbm,96,0.1,True,0.55,0.9862,0.056688,False
linear,96,0.05,False,,,,
linear,96,0.1,True,0.55,0.9855,0.05485,False
gbm,97,0.05,False,,,,
gbm,97,0.1,True,0.59,0.9755,0.055231,False
linear,97,0.05,False,,,,
linear,97,0.1,True,0.55,0.985,0.057315,False
gbm,98,0.05,False,,,,
gbm,98,0.1,True,0.57,0.9799,0.056679,False
linear,98,0.05,False,,,,
linear,98,0.1,True,0.55,0.985,0.056357,False
gbm,99,0.05,False,,,,
gbm,99,0.1,True,0.55,0.9853,0.060509,False
linear,99,0.05,False,,,,
linear,99,0.1,True,0.55,0.9844,0.05898,False
gbm,100,0.05,False,,,,
gbm,100,0.1,True,0.55,0.987,0.059491,False
linear,100,0.05,False,,,,
linear,100,0.1,True,0.55,0.9862,0.057829,False
gbm,101,0.05,False,,,,
gbm,101,0.1,True,0.59,0.9748,0.056959,False
linear,101,0.05,False,,,,
linear,101,0.1,True,0.55,0.9851,0.059454,False
gbm,102,0.05,False,,,,
gbm,102,0.1,True,0.55,0.9856,0.059097,False
linear,102,0.05,False,,,,
linear,102,0.1,True,0.55,0.9848,0.057087,False
gbm,103,0.05,False,,,,
gbm,103,0.1,True,0.57,0.9792,0.061764,False
linear,103,0.05,False,,,,
linear,103,0.1,True,0.55,0.9828,0.061015,False
gbm,104,0.05,False,,,,
gbm,104,0.1,True,0.55,0.9855,0.060046,False
linear,104,0.05,False,,,,
linear,104,0.1,True,0.55,0.9855,0.058484,False
gbm,105,0.05,False,,,,
gbm,105,0.1,True,0.59,0.9726,0.054747,False
linear,105,0.05,False,,,,
linear,105,0.1,True,0.57,0.9778,0.054528,False
gbm,106,0.05,False,,,,
gbm,106,0.1,True,0.55,0.9861,0.057344,False
linear,106,0.05,False,,,,
linear,106,0.1,True,0.55,0.9849,0.055334,False
gbm,107,0.05,False,,,,
gbm,107,0.1,True,0.57,0.9807,0.058796,False
linear,107,0.05,False,,,,
linear,107,0.1,True,0.55,0.9854,0.058692,False
gbm,108,0.05,False,,,,
gbm,108,0.1,True,0.59,0.9714,0.05157,False
linear,108,0.05,False,,,,
linear,108,0.1,True,0.57,0.9766,0.051714,False
gbm,109,0.05,False,,,,
gbm,109,0.1,True,0.55,0.9858,0.059526,False
linear,109,0.05,False,,,,
linear,109,0.1,True,0.55,0.9848,0.0575,False
gbm,110,0.05,False,,,,
gbm,110,0.1,True,0.57,0.98,0.057898,False
linear,110,0.05,False,,,,
linear,110,0.1,True,0.55,0.9856,0.059452,False
gbm,111,0.05,False,,,,
gbm,111,0.1,True,0.55,0.9848,0.060084,False
linear,111,0.05,False,,,,
linear,111,0.1,True,0.55,0.9842,0.058216,False
gbm,112,0.05,False,,,,
gbm,112,0.1,True,0.57,0.9811,0.057523,False
linear,112,0.05,False,,,,
linear,112,0.1,True,0.55,0.986,0.057537,False
gbm,113,0.05,False,,,,
gbm,113,0.1,True,0.55,0.9852,0.058752,False
linear,113,0.05,False,,,,
linear,113,0.1,True,0.55,0.9836,0.056639,False
gbm,114,0.05,False,,,,
gbm,114,0.1,True,0.55,0.9865,0.059642,False
linear,114,0.05,False,,,,
linear,114,0.1,True,0.55,0.9858,0.057673,False
gbm,115,0.05,False,,,,
gbm,115,0.1,True,0.55,0.986,0.056685,False
linear,115,0.05,False,,,,
linear,115,0.1,True,0.55,0.9853,0.054546,False
gbm,116,0.05,False,,,,
gbm,116,0.1,True,0.55,0.9844,0.059545,False
linear,116,0.05,False,,,,
linear,116,0.1,True,0.55,0.9841,0.057586,False
gbm,117,0.05,False,,,,
gbm,117,0.1,True,0.57,0.9806,0.055906,False
linear,117,0.05,False,,,,
linear,117,0.1,True,0.55,0.9846,0.056009,False
gbm,118,0.05,False,,,,
gbm,118,0.1,True,0.55,0.9868,0.061307,False
linear,118,0.05,False,,,,
linear,118,0.1,True,0.55,0.9864,0.059534,False
gbm,119,0.05,False,,,,
gbm,119,0.1,True,0.55,0.9869,0.063062,False
linear,119,0.05,False,,,,
linear,119,0.1,True,0.55,0.9854,0.060213,False
gbm,120,0.05,False,,,,
gbm,120,0.1,True,0.57,0.9796,0.054347,False
linear,120,0.05,False,,,,
linear,120,0.1,True,0.55,0.9843,0.054855,False
gbm,121,0.05,False,,,,
gbm,121,0.1,True,0.59,0.9755,0.057066,False
linear,121,0.05,False,,,,
linear,121,0.1,True,0.55,0.9855,0.059639,False
gbm,122,0.05,False,,,,
gbm,122,0.1,True,0.55,0.986,0.061005,False
linear,122,0.05,False,,,,
linear,122,0.1,True,0.55,0.985,0.059337,False
gbm,123,0.05,False,,,,
gbm,123,0.1,True,0.55,0.9855,0.057812,False
linear,123,0.05,False,,,,
linear,123,0.1,True,0.55,0.985,0.056723,False
gbm,124,0.05,False,,,,
gbm,124,0.1,True,0.55,0.9865,0.061018,False
linear,124,0.05,False,,,,
linear,124,0.1,True,0.55,0.9862,0.059212,False
gbm,125,0.05,False,,,,
gbm,125,0.1,True,0.55,0.9854,0.058101,False
linear,125,0.05,False,,,,
linear,125,0.1,True,0.55,0.9853,0.056258,False
gbm,126,0.05,False,,,,
gbm,126,0.1,True,0.59,0.9769,0.056695,False
linear,126,0.05,False,,,,
linear,126,0.1,True,0.57,0.9802,0.056081,False
gbm,127,0.05,False,,,,
gbm,127,0.1,True,0.59,0.9751,0.05456,False
linear,127,0.05,False,,,,
linear,127,0.1,True,0.57,0.9797,0.054937,False
gbm,128,0.05,False,,,,
gbm,128,0.1,True,0.55,0.9839,0.059773,False
linear,128,0.05,False,,,,
linear,128,0.1,True,0.55,0.9826,0.057574,False
gbm,129,0.05,False,,,,
gbm,129,0.1,True,0.57,0.9791,0.05619,False
linear,129,0.05,False,,,,
linear,129,0.1,True,0.55,0.9837,0.056721,False
gbm,130,0.05,False,,,,
gbm,130,0.1,True,0.55,0.9857,0.060737,False
linear,130,0.05,False,,,,
linear,130,0.1,True,0.55,0.9843,0.057925,False
gbm,131,0.05,False,,,,
gbm,131,0.1,True,0.55,0.9858,0.05835,False
linear,131,0.05,False,,,,
linear,131,0.1,True,0.55,0.9856,0.056481,False
gbm,132,0.05,False,,,,
gbm,132,0.1,True,0.55,0.985,0.058686,False
linear,132,0.05,False,,,,
linear,132,0.1,True,0.55,0.984,0.056377,False
gbm,133,0.05,False,,,,
gbm,133,0.1,True,0.55,0.9855,0.060561,False
linear,133,0.05,False,,,,
linear,133,0.1,True,0.55,0.985,0.057903,False
gbm,134,0.05,False,,,,
gbm,134,0.1,True,0.55,0.9833,0.059038,False
linear,134,0.05,False,,,,
linear,134,0.1,True,0.55,0.9829,0.057532,False
gbm,135,0.05,False,,,,
gbm,135,0.1,True,0.59,0.9746,0.056277,False
linear,135,0.05,False,,,,
linear,135,0.1,True,0.57,0.979,0.055749,False
gbm,136,0.05,False,,,,
gbm,136,0.1,True,0.55,0.9864,0.062212,False
linear,136,0.05,False,,,,
linear,136,0.1,True,0.55,0.9854,0.05981,False
gbm,137,0.05,False,,,,
gbm,137,0.1,True,0.55,0.9858,0.061566,False
linear,137,0.05,False,,,,
linear,137,0.1,True,0.55,0.9841,0.05963,False
gbm,138,0.05,False,,,,
gbm,138,0.1,True,0.55,0.9861,0.063447,False
linear,138,0.05,False,,,,
linear,138,0.1,True,0.55,0.9842,0.061207,False
gbm,139,0.05,False,,,,
gbm,139,0.1,True,0.59,0.9716,0.053796,False
linear,139,0.05,False,,,,
linear,139,0.1,True,0.57,0.977,0.054077,False
gbm,140,0.05,False,,,,
gbm,140,0.1,True,0.65,0.9577,0.051192,False
linear,140,0.05,False,,,,
linear,140,0.1,True,0.63,0.9621,0.050532,False
gbm,141,0.05,False,,,,
gbm,141,0.1,True,0.57,0.9797,0.06099,False
linear,141,0.05,False,,,,
linear,141,0.1,True,0.55,0.9851,0.061962,False
gbm,142,0.05,False,,,,
gbm,142,0.1,True,0.57,0.9809,0.0583,False
linear,142,0.05,False,,,,
linear,142,0.1,True,0.57,0.9797,0.056403,False
gbm,143,0.05,False,,,,
gbm,143,0.1,True,0.55,0.986,0.060593,False
linear,143,0.05,False,,,,
linear,143,0.1,True,0.55,0.9849,0.058601,False
gbm,144,0.05,False,,,,
gbm,144,0.1,True,0.61,0.9683,0.055063,False
linear,144,0.05,False,,,,
linear,144,0.1,True,0.55,0.9849,0.059172,False
gbm,145,0.05,False,,,,
gbm,145,0.1,True,0.55,0.9844,0.060214,False
linear,145,0.05,False,,,,
linear,145,0.1,True,0.55,0.9846,0.057746,False
gbm,146,0.05,False,,,,
gbm,146,0.1,True,0.55,0.9867,0.060176,False
linear,146,0.05,False,,,,
linear,146,0.1,True,0.55,0.9859,0.058001,False
gbm,147,0.05,False,,,,
gbm,147,0.1,True,0.55,0.9851,0.056529,False
linear,147,0.05,False,,,,
linear,147,0.1,True,0.55,0.9843,0.053589,False
gbm,148,0.05,False,,,,
gbm,148,0.1,True,0.57,0.9803,0.059819,False
linear,148,0.05,False,,,,
linear,148,0.1,True,0.55,0.9848,0.05976,False
gbm,149,0.05,False,,,,
gbm,149,0.1,True,0.57,0.979,0.05414,False
linear,149,0.05,False,,,,
linear,149,0.1,True,0.57,0.9786,0.052696,False
gbm,150,0.05,False,,,,
gbm,150,0.1,True,0.57,0.9789,0.056929,False
linear,150,0.05,False,,,,
linear,150,0.1,True,0.55,0.9832,0.056275,False
gbm,151,0.05,False,,,,
gbm,151,0.1,True,0.59,0.9737,0.052666,False
linear,151,0.05,False,,,,
linear,151,0.1,True,0.55,0.9849,0.055109,False
gbm,152,0.05,False,,,,
gbm,152,0.1,True,0.55,0.9864,0.060208,False
linear,152,0.05,False,,,,
linear,152,0.1,True,0.55,0.9846,0.058043,False
gbm,153,0.05,False,,,,
gbm,153,0.1,True,0.57,0.9809,0.056622,False
linear,153,0.05,False,,,,
linear,153,0.1,True,0.55,0.9856,0.056551,False
gbm,154,0.05,False,,,,
gbm,154,0.1,True,0.55,0.9857,0.062025,False
linear,154,0.05,False,,,,
linear,154,0.1,True,0.55,0.9854,0.060343,False
gbm,155,0.05,False,,,,
gbm,155,0.1,True,0.55,0.9866,0.062701,False
linear,155,0.05,False,,,,
linear,155,0.1,True,0.55,0.986,0.060094,False
gbm,156,0.05,False,,,,
gbm,156,0.1,True,0.55,0.9873,0.057431,False
linear,156,0.05,False,,,,
linear,156,0.1,True,0.55,0.9856,0.055422,False
gbm,157,0.05,False,,,,
gbm,157,0.1,True,0.57,0.9801,0.053918,False
linear,157,0.05,False,,,,
linear,157,0.1,True,0.55,0.9853,0.054808,False
gbm,158,0.05,False,,,,
gbm,158,0.1,True,0.55,0.9858,0.061367,False
linear,158,0.05,False,,,,
linear,158,0.1,True,0.55,0.9847,0.057918,False
gbm,159,0.05,False,,,,
gbm,159,0.1,True,0.57,0.9791,0.056747,False
linear,159,0.05,False,,,,
linear,159,0.1,True,0.55,0.9837,0.056586,False
gbm,160,0.05,False,,,,
gbm,160,0.1,True,0.55,0.9863,0.05975,False
linear,160,0.05,False,,,,
linear,160,0.1,True,0.55,0.9859,0.058442,False
gbm,161,0.05,False,,,,
gbm,161,0.1,True,0.59,0.9723,0.055518,False
linear,161,0.05,False,,,,
linear,161,0.1,True,0.57,0.977,0.054856,False
gbm,162,0.05,False,,,,
gbm,162,0.1,True,0.55,0.9876,0.058398,False
linear,162,0.05,False,,,,
linear,162,0.1,True,0.55,0.9861,0.055797,False
gbm,163,0.05,False,,,,
gbm,163,0.1,True,0.61,0.9695,0.053437,False
linear,163,0.05,False,,,,
linear,163,0.1,True,0.57,0.9797,0.055529,False
gbm,164,0.05,False,,,,
gbm,164,0.1,True,0.57,0.9814,0.059923,False
linear,164,0.05,False,,,,
linear,164,0.1,True,0.55,0.9858,0.060018,False
gbm,165,0.05,False,,,,
gbm,165,0.1,True,0.55,0.9871,0.058915,False
linear,165,0.05,False,,,,
linear,165,0.1,True,0.55,0.9866,0.056399,False
gbm,166,0.05,False,,,,
gbm,166,0.1,True,0.57,0.9798,0.053331,False
linear,166,0.05,False,,,,
linear,166,0.1,True,0.55,0.9854,0.05428,False
gbm,167,0.05,False,,,,
gbm,167,0.1,True,0.55,0.985,0.059439,False
linear,167,0.05,False,,,,
linear,167,0.1,True,0.55,0.9848,0.058136,False
gbm,168,0.05,False,,,,
gbm,168,0.1,True,0.55,0.9864,0.059098,False
linear,168,0.05,False,,,,
linear,168,0.1,True,0.55,0.9857,0.057259,False
gbm,169,0.05,False,,,,
gbm,169,0.1,True,0.55,0.9854,0.060776,False
linear,169,0.05,False,,,,
linear,169,0.1,True,0.55,0.9837,0.058969,False
gbm,170,0.05,False,,,,
gbm,170,0.1,True,0.55,0.9865,0.060176,False
linear,170,0.05,False,,,,
linear,170,0.1,True,0.55,0.9854,0.058674,False
gbm,171,0.05,False,,,,
gbm,171,0.1,True,0.55,0.9849,0.060573,False
linear,171,0.05,False,,,,
linear,171,0.1,True,0.55,0.983,0.057591,False
gbm,172,0.05,False,,,,
gbm,172,0.1,True,0.55,0.9852,0.057933,False
linear,172,0.05,False,,,,
linear,172,0.1,True,0.55,0.9848,0.056656,False
gbm,173,0.05,False,,,,
gbm,173,0.1,True,0.57,0.9784,0.056108,False
linear,173,0.05,False,,,,
linear,173,0.1,True,0.55,0.9846,0.057015,False
gbm,174,0.05,False,,,,
gbm,174,0.1,True,0.55,0.9858,0.059765,False
linear,174,0.05,False,,,,
linear,174,0.1,True,0.55,0.9845,0.057094,False
gbm,175,0.05,False,,,,
gbm,175,0.1,True,0.55,0.9863,0.059312,False
linear,175,0.05,False,,,,
linear,175,0.1,True,0.55,0.9851,0.057312,False
gbm,176,0.05,False,,,,
gbm,176,0.1,True,0.55,0.9852,0.057822,False
linear,176,0.05,False,,,,
linear,176,0.1,True,0.55,0.9843,0.055528,False
gbm,177,0.05,False,,,,
gbm,177,0.1,True,0.55,0.985,0.061045,False
linear,177,0.05,False,,,,
linear,177,0.1,True,0.55,0.9839,0.059382,False
gbm,178,0.05,False,,,,
gbm,178,0.1,True,0.59,0.9746,0.056099,False
linear,178,0.05,False,,,,
linear,178,0.1,True,0.57,0.9801,0.056835,False
gbm,179,0.05,False,,,,
gbm,179,0.1,True,0.55,0.9844,0.05974,False
linear,179,0.05,False,,,,
linear,179,0.1,True,0.55,0.9846,0.056928,False
gbm,180,0.05,False,,,,
gbm,180,0.1,True,0.59,0.9724,0.056259,False
linear,180,0.05,False,,,,
linear,180,0.1,True,0.57,0.9782,0.055632,False
gbm,181,0.05,False,,,,
gbm,181,0.1,True,0.57,0.9797,0.056645,False
linear,181,0.05,False,,,,
linear,181,0.1,True,0.55,0.9853,0.056656,False
gbm,182,0.05,False,,,,
gbm,182,0.1,True,0.55,0.9862,0.062342,False
linear,182,0.05,False,,,,
linear,182,0.1,True,0.55,0.9849,0.059866,False
gbm,183,0.05,False,,,,
gbm,183,0.1,True,0.57,0.9804,0.05731,False
linear,183,0.05,False,,,,
linear,183,0.1,True,0.55,0.9858,0.057611,False
gbm,184,0.05,False,,,,
gbm,184,0.1,True,0.55,0.9845,0.059013,False
linear,184,0.05,False,,,,
linear,184,0.1,True,0.55,0.9838,0.057243,False
gbm,185,0.05,False,,,,
gbm,185,0.1,True,0.55,0.9867,0.058399,False
linear,185,0.05,False,,,,
linear,185,0.1,True,0.55,0.9866,0.056631,False
gbm,186,0.05,False,,,,
gbm,186,0.1,True,0.55,0.9857,0.061574,False
linear,186,0.05,False,,,,
linear,186,0.1,True,0.55,0.9856,0.059834,False
gbm,187,0.05,False,,,,
gbm,187,0.1,True,0.55,0.9852,0.057574,False
linear,187,0.05,False,,,,
linear,187,0.1,True,0.55,0.9848,0.055762,False
gbm,188,0.05,False,,,,
gbm,188,0.1,True,0.55,0.9852,0.05546,False
linear,188,0.05,False,,,,
linear,188,0.1,True,0.55,0.9846,0.054243,False
gbm,189,0.05,False,,,,
gbm,189,0.1,True,0.55,0.9851,0.060959,False
linear,189,0.05,False,,,,
linear,189,0.1,True,0.55,0.9853,0.059021,False
gbm,190,0.05,False,,,,
gbm,190,0.1,True,0.55,0.9864,0.060863,False
linear,190,0.05,False,,,,
linear,190,0.1,True,0.55,0.9853,0.058978,False
gbm,191,0.05,False,,,,
gbm,191,0.1,True,0.55,0.9864,0.060203,False
linear,191,0.05,False,,,,
linear,191,0.1,True,0.55,0.9861,0.058693,False
gbm,192,0.05,False,,,,
gbm,192,0.1,True,0.55,0.9853,0.061818,False
linear,192,0.05,False,,,,
linear,192,0.1,True,0.55,0.9835,0.058626,False
gbm,193,0.05,False,,,,
gbm,193,0.1,True,0.57,0.9799,0.060381,False
linear,193,0.05,False,,,,
linear,193,0.1,True,0.55,0.9846,0.060194,False
gbm,194,0.05,False,,,,
gbm,194,0.1,True,0.55,0.9873,0.058471,False
linear,194,0.05,False,,,,
linear,194,0.1,True,0.55,0.9861,0.056546,False
gbm,195,0.05,False,,,,
gbm,195,0.1,True,0.55,0.9858,0.057103,False
linear,195,0.05,False,,,,
linear,195,0.1,True,0.55,0.9852,0.05537,False
gbm,196,0.05,False,,,,
gbm,196,0.1,True,0.55,0.9852,0.056459,False
linear,196,0.05,False,,,,
linear,196,0.1,True,0.55,0.9858,0.054924,False
gbm,197,0.05,False,,,,
gbm,197,0.1,True,0.57,0.9811,0.057563,False
linear,197,0.05,False,,,,
linear,197,0.1,True,0.55,0.9854,0.057101,False
gbm,198,0.05,False,,,,
gbm,198,0.1,True,0.55,0.9873,0.058494,False
linear,198,0.05,False,,,,
linear,198,0.1,True,0.55,0.9856,0.055733,False
gbm,199,0.05,False,,,,
gbm,199,0.1,True,0.55,0.985,0.061498,False
linear,199,0.05,False,,,,
linear,199,0.1,True,0.55,0.9839,0.058788,False
degraded,0,0.05,False,,,,
degraded,0,0.1,True,0.75,0.8841,0.056647,False
degraded,1,0.05,False,,,,
degraded,1,0.1,True,0.75,0.896,0.055138,False
degraded,2,0.05,False,,,,
degraded,2,0.1,True,0.79,0.8581,0.048179,False
degraded,3,0.05,False,,,,
degraded,3,0.1,True,0.69,0.9105,0.061138,False
degraded,4,0.05,False,,,,
degraded,4,0.1,True,0.73,0.9017,0.060508,False
degraded,5,0.05,False,,,,
degraded,5,0.1,True,0.75,0.8851,0.051489,False
degraded,6,0.05,False,,,,
degraded,6,0.1,True,0.79,0.8604,0.04739,False
degraded,7,0.05,False,,,,
degraded,7,0.1,True,0.73,0.8821,0.058966,False
degraded,8,0.05,False,,,,
degraded,8,0.1,True,0.73,0.8996,0.057039,False
degraded,9,0.05,False,,,,
degraded,9,0.1,True,0.77,0.8988,0.057989,False
degraded,10,0.05,False,,,,
degraded,10,0.1,True,0.77,0.8822,0.052327,False
degraded,11,0.05,False,,,,
degraded,11,0.1,True,0.71,0.9163,0.061518,False
degraded,12,0.05,False,,,,
degraded,12,0.1,True,0.83,0.8511,0.044062,False
degraded,13,0.05,False,,,,
degraded,13,0.1,True,0.79,0.8819,0.053187,False
degraded,14,0.05,False,,,,
degraded,14,0.1,True,0.79,0.8669,0.046211,False
degraded,15,0.05,False,,,,
degraded,15,0.1,True,0.79,0.8636,0.049122,False
degraded,16,0.05,False,,,,
degraded,16,0.1,True,0.79,0.8853,0.05223,False
degraded,17,0.05,False,,,,
degraded,17,0.1,True,0.81,0.8567,0.048644,False
degraded,18,0.05,False,,,,
degraded,18,0.1,True,0.71,0.9178,0.058382,False
degraded,19,0.05,False,,,,
degraded,19,0.1,True,0.83,0.8413,0.043643,False
degraded,20,0.05,False,,,,
degraded,20,0.1,True,0.77,0.8773,0.053044,False
degraded,21,0.05,False,,,,
degraded,21,0.1,True,0.73,0.8903,0.055041,False
degraded,22,0.05,False,,,,
degraded,22,0.1,True,0.75,0.8834,0.056738,False
degraded,23,0.05,False,,,,
degraded,23,0.1,True,0.75,0.8956,0.05764,False
degraded,24,0.05,False,,,,
degraded,24,0.1,True,0.73,0.8873,0.052474,False
degraded,25,0.05,False,,,,
degraded,25,0.1,True,0.75,0.879,0.054726,False
degraded,26,0.05,False,,,,
degraded,26,0.1,True,0.77,0.8924,0.056275,False
degraded,27,0.05,False,,,,
degraded,27,0.1,True,0.75,0.8895,0.057522,False
degraded,28,0.05,False,,,,
degraded,28,0.1,True,0.81,0.8553,0.051763,False
degraded,29,0.05,False,,,,
degraded,29,0.1,True,0.75,0.8908,0.052946,False
degraded,30,0.05,False,,,,
degraded,30,0.1,True,0.75,0.8936,0.055487,False
degraded,31,0.05,False,,,,
degraded,31,0.1,True,0.79,0.868,0.047415,False
degraded,32,0.05,False,,,,
degraded,32,0.1,True,0.81,0.8485,0.04845,False
degraded,33,0.05,False,,,,
degraded,33,0.1,True,0.73,0.8982,0.058991,False
degraded,34,0.05,False,,,,
degraded,34,0.1,True,0.75,0.8931,0.056621,False
degraded,35,0.05,False,,,,
degraded,35,0.1,True,0.77,0.8845,0.052038,False
degraded,36,0.05,False,,,,
degraded,36,0.1,True,0.81,0.8406,0.044577,False
degraded,37,0.05,False,,,,
degraded,37,0.1,True,0.79,0.8745,0.057189,False
degraded,38,0.05,False,,,,
degraded,38,0.1,True,0.77,0.8812,0.051882,False
degraded,39,0.05,False,,,,
degraded,39,0.1,True,0.75,0.9005,0.055154,False
degraded,40,0.05,False,,,,
degraded,40,0.1,True,0.79,0.8514,0.048073,False
degraded,41,0.05,False,,,,
degraded,41,0.1,True,0.71,0.921,0.062127,False
degraded,42,0.05,False,,,,
degraded,42,0.1,True,0.77,0.8656,0.051721,False
degraded,43,0.05,False,,,,
degraded,43,0.1,True,0.77,0.8685,0.054663,False
degraded,44,0.05,False,,,,
degraded,44,0.1,True,0.87,0.8029,0.038441,False
degraded,45,0.05,False,,,,
degraded,45,0.1,True,0.79,0.8623,0.052811,False
degraded,46,0.05,False,,,,
degraded,46,0.1,True,0.77,0.8766,0.052287,False
degraded,47,0.05,False,,,,
degraded,47,0.1,True,0.77,0.8723,0.048824,False
degraded,48,0.05,False,,,,
degraded,48,0.1,True,0.77,0.8759,0.05176,False
degraded,49,0.05,False,,,,
degraded,49,0.1,True,0.77,0.8606,0.050997,False
degraded,50,0.05,False,,,,
degraded,50,0.1,True,0.73,0.9006,0.061345,False
degraded,51,0.05,False,,,,
degraded,51,0.1,True,0.75,0.8857,0.051681,False
degraded,52,0.05,False,,,,
degraded,52,0.1,True,0.77,0.8791,0.053366,False
degraded,53,0.05,False,,,,
degraded,53,0.1,True,0.71,0.9042,0.060232,False
degraded,54,0.05,False,,,,
degraded,54,0.1,True,0.77,0.8876,0.05101,False
degraded,55,0.05,False,,,,
degraded,55,0.1,True,0.83,0.8456,0.052242,False
degraded,56,0.05,False,,,,
degraded,56,0.1,True,0.75,0.8939,0.056285,False
degraded,57,0.05,False,,,,
degraded,57,0.1,True,0.81,0.8523,0.045987,False
degraded,58,0.05,False,,,,
degraded,58,0.1,True,0.73,0.8928,0.055085,False
degraded,59,0.05,False,,,,
degraded,59,0.1,True,0.75,0.8973,0.058858,False
degraded,60,0.05,False,,,,
degraded,60,0.1,True,0.79,0.8641,0.047745,False
degraded,61,0.05,False,,,,
degraded,61,0.1,True,0.77,0.8749,0.053925,False
degraded,62,0.05,False,,,,
degraded,62,0.1,True,0.75,0.8995,0.058542,False
degraded,63,0.05,False,,,,
degraded,63,0.1,True,0.81,0.8423,0.044585,False
degraded,64,0.05,False,,,,
degraded,64,0.1,True,0.79,0.8689,0.050928,False
degraded,65,0.05,False,,,,
degraded,65,0.1,True,0.75,0.8984,0.059851,False
degraded,66,0.05,False,,,,
degraded,66,0.1,True,0.77,0.889,0.052325,False
degraded,67,0.05,False,,,,
degraded,67,0.1,True,0.79,0.8766,0.051389,False
degraded,68,0.05,False,,,,
degraded,68,0.1,True,0.79,0.8553,0.048563,False
degraded,69,0.05,False,,,,
degraded,69,0.1,True,0.79,0.8616,0.053817,False
degraded,70,0.05,False,,,,
degraded,70,0.1,True,0.73,0.9074,0.058199,False
degraded,71,0.05,False,,,,
degraded,71,0.1,True,0.79,0.8629,0.052441,False
degraded,72,0.05,False,,,,
degraded,72,0.1,True,0.75,0.896,0.053886,False
degraded,73,0.05,False,,,,
degraded,73,0.1,True,0.77,0.8905,0.052139,False
degraded,74,0.05,False,,,,
degraded,74,0.1,True,0.75,0.8946,0.062153,False
degraded,75,0.05,False,,,,
degraded,75,0.1,True,0.73,0.8901,0.060381,False
degraded,76,0.05,False,,,,
degraded,76,0.1,True,0.75,0.8877,0.05365,False
degraded,77,0.05,False,,,,
degraded,77,0.1,True,0.73,0.9067,0.056933,False
degraded,78,0.05,False,,,,
degraded,78,0.1,True,0.73,0.8804,0.055223,False
degraded,79,0.05,False,,,,
degraded,79,0.1,True,0.75,0.8885,0.057475,False
degraded,80,0.05,False,,,,
degraded,80,0.1,True,0.81,0.8594,0.044525,False
degraded,81,0.05,False,,,,
degraded,81,0.1,True,0.81,0.8464,0.047594,False
degraded,82,0.05,False,,,,
degraded,82,0.1,True,0.75,0.9105,0.06082,False
degraded,83,0.05,False,,,,
degraded,83,0.1,True,0.75,0.8972,0.056193,False
degraded,84,0.05,False,,,,
degraded,84,0.1,True,0.83,0.8318,0.047838,False
degraded,85,0.05,False,,,,
degraded,85,0.1,True,0.73,0.8936,0.058734,False
degraded,86,0.05,False,,,,
degraded,86,0.1,True,0.71,0.9014,0.059716,False
degraded,87,0.05,False,,,,
degraded,87,0.1,True,0.79,0.8724,0.052109,False
degraded,88,0.05,False,,,,
degraded,88,0.1,True,0.71,0.9162,0.067337,False
degraded,89,0.05,False,,,,
degraded,89,0.1,True,0.79,0.8886,0.051783,False
degraded,90,0.05,False,,,,
degraded,90,0.1,True,0.71,0.9004,0.058536,False
degraded,91,0.05,False,,,,
degraded,91,0.1,True,0.77,0.8951,0.054859,False
degraded,92,0.05,False,,,,
degraded,92,0.1,True,0.81,0.8561,0.048821,False
degraded,93,0.05,False,,,,
degraded,93,0.1,True,0.77,0.8773,0.053294,False
degraded,94,0.05,False,,,,
degraded,94,0.1,True,0.77,0.8877,0.050229,False
degraded,95,0.05,False,,,,
degraded,95,0.1,True,0.75,0.8912,0.056525,False
degraded,96,0.05,False,,,,
degraded,96,0.1,True,0.75,0.8807,0.053735,False
degraded,97,0.05,False,,,,
degraded,97,0.1,True,0.83,0.8344,0.044246,False
degraded,98,0.05,False,,,,
degraded,98,0.1,True,0.69,0.9171,0.062053,False
degraded,99,0.05,False,,,,
degraded,99,0.1,True,0.69,0.9097,0.063108,False
degraded,100,0.05,False,,,,
degraded,100,0.1,True,0.71,0.9146,0.062714,False
degraded,101,0.05,False,,,,
degraded,101,0.1,True,0.77,0.8812,0.053217,False
degraded,102,0.05,False,,,,
degraded,102,0.1,True,0.77,0.8763,0.052138,False
degraded,103,0.05,False,,,,
degraded,103,0.1,True,0.75,0.8928,0.059795,False
degraded,104,0.05,False,,,,
degraded,104,0.1,True,0.75,0.8993,0.053998,False
degraded,105,0.05,False,,,,
degraded,105,0.1,True,0.83,0.839,0.046286,False
degraded,106,0.05,False,,,,
degraded,106,0.1,True,0.81,0.8673,0.050125,False
degraded,107,0.05,False,,,,
degraded,107,0.1,True,0.75,0.886,0.054744,False
degraded,108,0.05,False,,,,
degraded,108,0.1,True,0.75,0.9054,0.063909,False
degraded,109,0.05,False,,,,
degraded,109,0.1,True,0.81,0.8467,0.047379,False
degraded,110,0.05,False,,,,
degraded,110,0.1,True,0.71,0.9095,0.06463,False
degraded,111,0.05,False,,,,
degraded,111,0.1,True,0.77,0.8869,0.053239,False
degraded,112,0.05,False,,,,
degraded,112,0.1,True,0.77,0.8755,0.05657,False
degraded,113,0.05,False,,,,
degraded,113,0.1,True,0.79,0.8642,0.050828,False
degraded,114,0.05,False,,,,
degraded,114,0.1,True,0.73,0.8957,0.059191,False
degraded,115,0.05,False,,,,
degraded,115,0.1,True,0.83,0.848,0.04531,False
degraded,116,0.05,False,,,,
degraded,116,0.1,True,0.75,0.8971,0.054657,False
degraded,117,0.05,False,,,,
degraded,117,0.1,True,0.77,0.8711,0.048445,False
degraded,118,0.05,False,,,,
degraded,118,0.1,True,0.81,0.8704,0.047754,False
degraded,119,0.05,False,,,,
degraded,119,0.1,True,0.73,0.8839,0.055462,False
degraded,120,0.05,False,,,,
degraded,120,0.1,True,0.75,0.8806,0.052059,False
degraded,121,0.05,False,,,,
degraded,121,0.1,True,0.73,0.8953,0.053696,False
degraded,122,0.05,False,,,,
degraded,122,0.1,True,0.73,0.8937,0.056499,False
degraded,123,0.05,False,,,,
degraded,123,0.1,True,0.77,0.8693,0.053493,False
degraded,124,0.05,False,,,,
degraded,124,0.1,True,0.73,0.9002,0.05563,False
degraded,125,0.05,False,,,,
degraded,125,0.1,True,0.77,0.8753,0.05201,False
degraded,126,0.05,False,,,,
degraded,126,0.1,True,0.77,0.8777,0.050921,False
degraded,127,0.05,False,,,,
degraded,127,0.1,True,0.67,0.9347,0.072598,False
degraded,128,0.05,False,,,,
degraded,128,0.1,True,0.69,0.9173,0.058977,False
degraded,129,0.05,False,,,,
degraded,129,0.1,True,0.79,0.8461,0.045006,False
degraded,130,0.05,False,,,,
degraded,130,0.1,True,0.75,0.9037,0.060737,False
degraded,131,0.05,False,,,,
degraded,131,0.1,True,0.77,0.8722,0.051699,False
degraded,132,0.05,False,,,,
degraded,132,0.1,True,0.75,0.8796,0.055524,False
degraded,133,0.05,False,,,,
degraded,133,0.1,True,0.73,0.8968,0.056595,False
degraded,134,0.05,False,,,,
degraded,134,0.1,True,0.75,0.8942,0.057007,False
degraded,135,0.05,False,,,,
degraded,135,0.1,True,0.75,0.8858,0.053412,False
degraded,136,0.05,False,,,,
degraded,136,0.1,True,0.73,0.909,0.059138,False
degraded,137,0.05,False,,,,
degraded,137,0.1,True,0.73,0.8997,0.05596,False
degraded,138,0.05,False,,,,
degraded,138,0.1,True,0.75,0.8989,0.054859,False
degraded,139,0.05,False,,,,
degraded,139,0.1,True,0.75,0.8987,0.054091,False
degraded,140,0.05,False,,,,
degraded,140,0.1,True,0.77,0.8779,0.056041,False
degraded,141,0.05,False,,,,
degraded,141,0.1,True,0.75,0.8916,0.054136,False
degraded,142,0.05,False,,,,
degraded,142,0.1,True,0.75,0.8759,0.051079,False
degraded,143,0.05,False,,,,
degraded,143,0.1,True,0.81,0.842,0.047068,False
degraded,144,0.05,False,,,,
degraded,144,0.1,True,0.79,0.8617,0.050851,False
degraded,145,0.05,False,,,,
degraded,145,0.1,True,0.79,0.8614,0.051099,False
degraded,146,0.05,False,,,,
degraded,146,0.1,True,0.69,0.9218,0.061375,False
degraded,147,0.05,False,,,,
degraded,147,0.1,True,0.73,0.8884,0.056362,False
degraded,148,0.05,False,,,,
degraded,148,0.1,True,0.81,0.8586,0.046946,False
degraded,149,0.05,False,,,,
degraded,149,0.1,True,0.79,0.8674,0.053358,False
degraded,150,0.05,False,,,,
degraded,150,0.1,True,0.69,0.905,0.0605,False
degraded,151,0.05,False,,,,
degraded,151,0.1,True,0.77,0.8789,0.054105,False
degraded,152,0.05,False,,,,
degraded,152,0.1,True,0.83,0.8365,0.039983,False
degraded,153,0.05,False,,,,
degraded,153,0.1,True,0.75,0.8885,0.053597,False
degraded,154,0.05,False,,,,
degraded,154,0.1,True,0.83,0.8216,0.044549,False
degraded,155,0.05,False,,,,
degraded,155,0.1,True,0.75,0.8923,0.057492,False
degraded,156,0.05,False,,,,
degraded,156,0.1,True,0.81,0.8613,0.051057,False
degraded,157,0.05,False,,,,
degraded,157,0.1,True,0.75,0.8865,0.059537,False
degraded,158,0.05,False,,,,
degraded,158,0.1,True,0.73,0.9126,0.061946,False
degraded,159,0.05,False,,,,
degraded,159,0.1,True,0.79,0.8571,0.050914,False
degraded,160,0.05,False,,,,
degraded,160,0.1,True,0.75,0.9,0.058279,False
degraded,161,0.05,False,,,,
degraded,161,0.1,True,0.75,0.8982,0.05352,False
degraded,162,0.05,False,,,,
degraded,162,0.1,True,0.75,0.8805,0.051824,False
degraded,163,0.05,False,,,,
degraded,163,0.1,True,0.81,0.8506,0.049432,False
degraded,164,0.05,False,,,,
degraded,164,0.1,True,0.77,0.8668,0.059855,False
degraded,165,0.05,False,,,,
degraded,165,0.1,True,0.81,0.8304,0.044753,False
degraded,166,0.05,False,,,,
degraded,166,0.1,True,0.75,0.9051,0.058563,False
degraded,167,0.05,False,,,,
degraded,167,0.1,True,0.77,0.8778,0.054003,False
degraded,168,0.05,False,,,,
degraded,168,0.1,True,0.83,0.8422,0.0458,False
degraded,169,0.05,False,,,,
degraded,169,0.1,True,0.73,0.8963,0.056044,False
degraded,170,0.05,False,,,,
degraded,170,0.1,True,0.77,0.8803,0.051733,False
degraded,171,0.05,False,,,,
degraded,171,0.1,True,0.79,0.8545,0.045296,False
degraded,172,0.05,False,,,,
degraded,172,0.1,True,0.79,0.8692,0.049518,False
degraded,173,0.05,False,,,,
degraded,173,0.1,True,0.77,0.8766,0.054518,False
degraded,174,0.05,False,,,,
degraded,174,0.1,True,0.77,0.8757,0.053692,False
degraded,175,0.05,False,,,,
degraded,175,0.1,True,0.75,0.8953,0.055846,False
degraded,176,0.05,False,,,,
degraded,176,0.1,True,0.73,0.9101,0.064283,False
degraded,177,0.05,False,,,,
degraded,177,0.1,True,0.71,0.9037,0.055867,False
degraded,178,0.05,False,,,,
degraded,178,0.1,True,0.83,0.8283,0.041932,False
degraded,179,0.05,False,,,,
degraded,179,0.1,True,0.79,0.8635,0.051947,False
degraded,180,0.05,False,,,,
degraded,180,0.1,True,0.77,0.8737,0.055321,False
degraded,181,0.05,False,,,,
degraded,181,0.1,True,0.75,0.8952,0.05783,False
degraded,182,0.05,False,,,,
degraded,182,0.1,True,0.73,0.8981,0.053572,False
degraded,183,0.05,False,,,,
degraded,183,0.1,True,0.75,0.8839,0.052263,False
degraded,184,0.05,False,,,,
degraded,184,0.1,True,0.77,0.8679,0.05178,False
degraded,185,0.05,False,,,,
degraded,185,0.1,True,0.73,0.907,0.05633,False
degraded,186,0.05,False,,,,
degraded,186,0.1,True,0.81,0.8613,0.051663,False
degraded,187,0.05,False,,,,
degraded,187,0.1,True,0.69,0.9256,0.066256,False
degraded,188,0.05,False,,,,
degraded,188,0.1,True,0.77,0.8811,0.05343,False
degraded,189,0.05,False,,,,
degraded,189,0.1,True,0.81,0.8577,0.04647,False
degraded,190,0.05,False,,,,
degraded,190,0.1,True,0.83,0.8185,0.044385,False
degraded,191,0.05,False,,,,
degraded,191,0.1,True,0.81,0.865,0.050911,False
degraded,192,0.05,False,,,,
degraded,192,0.1,True,0.77,0.8742,0.052805,False
degraded,193,0.05,False,,,,
degraded,193,0.1,True,0.83,0.8239,0.043575,False
degraded,194,0.05,False,,,,
degraded,194,0.1,True,0.79,0.8789,0.051386,False
degraded,195,0.05,False,,,,
degraded,195,0.1,True,0.77,0.8756,0.051401,False
degraded,196,0.05,False,,,,
degraded,196,0.1,True,0.75,0.8992,0.058169,False
degraded,197,0.05,False,,,,
degraded,197,0.1,True,0.81,0.8582,0.050379,False
degraded,198,0.05,False,,,,
degraded,198,0.1,True,0.79,0.8654,0.052132,False
degraded,199,0.05,False,,,,
degraded,199,0.1,True,0.79,0.8668,0.052557,False
