n_source_sites,target_mode,draw,alpha,certified,tau,coverage,decline_reason,rho_lo,rho_hi,box_width,rm_fresh,rm_exceed
208,single-site-cp,0,0.05,False,,,failsafe,1.2310858339470514,9.456478149613421,8.2254,,
208,single-site-cp,0,0.1,False,,,failsafe,1.2310858339470514,9.456478149613421,8.2254,,
208,single-site-cp,1,0.05,False,,,failsafe,0.7607526659789546,2.999594864432934,2.2388,,
208,single-site-cp,1,0.1,False,,,failsafe,0.7607526659789546,2.999594864432934,2.2388,,
208,single-site-cp,2,0.05,False,,,failsafe,0.726893351453482,12.993162596738083,12.2663,,
208,single-site-cp,2,0.1,False,,,failsafe,0.726893351453482,12.993162596738083,12.2663,,
208,single-site-cp,3,0.05,False,,,failsafe,0.7746483538315657,2.8794175638652924,2.1048,,
208,single-site-cp,3,0.1,False,,,failsafe,0.7746483538315657,2.8794175638652924,2.1048,,
208,single-site-cp,4,0.05,False,,,failsafe,0.5313219439191086,2.5105523961912475,1.9792,,
208,single-site-cp,4,0.1,False,,,failsafe,0.5313219439191086,2.5105523961912475,1.9792,,
208,single-site-cp,5,0.05,False,,,failsafe,1.3809032904068987,7.474400339714094,6.0935,,
208,single-site-cp,5,0.1,False,,,failsafe,1.3809032904068987,7.474400339714094,6.0935,,
208,single-site-cp,6,0.05,False,,,failsafe,0.8426800753332255,2.9395543569798277,2.0969,,
208,single-site-cp,6,0.1,False,,,failsafe,0.8426800753332255,2.9395543569798277,2.0969,,
208,single-site-cp,7,0.05,False,,,failsafe,0.4557441260109267,4.325034018626686,3.8693,,
208,single-site-cp,7,0.1,False,,,failsafe,0.4557441260109267,4.325034018626686,3.8693,,
208,single-site-cp,8,0.05,False,,,failsafe,0.9466141993245765,8.669824885235041,7.7232,,
208,single-site-cp,8,0.1,False,,,failsafe,0.9466141993245765,8.669824885235041,7.7232,,
208,single-site-cp,9,0.05,False,,,failsafe,2.218284447586681,6.225161619362052,4.0069,,
208,single-site-cp,9,0.1,False,,,failsafe,2.218284447586681,6.225161619362052,4.0069,,
208,single-site-cp,10,0.05,False,,,failsafe,0.5659601931299076,2.1525187657601283,1.5866,,
208,single-site-cp,10,0.1,False,,,failsafe,0.5659601931299076,2.1525187657601283,1.5866,,
208,single-site-cp,11,0.05,False,,,failsafe,0.35270619981242624,3.7978137900658915,3.4451,,
208,single-site-cp,11,0.1,False,,,failsafe,0.35270619981242624,3.7978137900658915,3.4451,,
208,single-site-cp,12,0.05,False,,,failsafe,0.8146021591274722,8.301278937856475,7.4867,,
208,single-site-cp,12,0.1,False,,,failsafe,0.8146021591274722,8.301278937856475,7.4867,,
208,single-site-cp,13,0.05,False,,,failsafe,2.173940774270782,7.629715896623481,5.4558,,
208,single-site-cp,13,0.1,False,,,failsafe,2.173940774270782,7.629715896623481,5.4558,,
208,single-site-cp,14,0.05,False,,,failsafe,0.7137659131067572,11.047515670424902,10.3337,,
208,single-site-cp,14,0.1,False,,,failsafe,0.7137659131067572,11.047515670424902,10.3337,,
208,single-site-cp,15,0.05,False,,,failsafe,1.1142877122957957,3.182145768500476,2.0679,,
208,single-site-cp,15,0.1,False,,,failsafe,1.1142877122957957,3.182145768500476,2.0679,,
208,single-site-cp,16,0.05,False,,,failsafe,0.29583659930346956,3.4904823977953736,3.1946,,
208,single-site-cp,16,0.1,False,,,failsafe,0.29583659930346956,3.4904823977953736,3.1946,,
208,single-site-cp,17,0.05,False,,,failsafe,0.1608373254472825,3.4189132129168467,3.2581,,
208,single-site-cp,17,0.1,False,,,failsafe,0.1608373254472825,3.4189132129168467,3.2581,,
208,single-site-cp,18,0.05,False,,,failsafe,1.9459577282572567,7.01142910263871,5.0655,,
208,single-site-cp,18,0.1,False,,,failsafe,1.9459577282572567,7.01142910263871,5.0655,,
208,single-site-cp,19,0.05,False,,,failsafe,0.47104592462822,5.2110274255474325,4.74,,
208,single-site-cp,19,0.1,False,,,failsafe,0.47104592462822,5.2110274255474325,4.74,,
208,single-site-cp,20,0.05,False,,,failsafe,1.8075218585511323,8.037776109065168,6.2303,,
208,single-site-cp,20,0.1,False,,,failsafe,1.8075218585511323,8.037776109065168,6.2303,,
208,single-site-cp,21,0.05,False,,,failsafe,1.7565870649915711,6.456365536919726,4.6998,,
208,single-site-cp,21,0.1,False,,,failsafe,1.7565870649915711,6.456365536919726,4.6998,,
208,single-site-cp,22,0.05,False,,,failsafe,1.4735260176989844,9.129616267358442,7.6561,,
208,single-site-cp,22,0.1,False,,,failsafe,1.4735260176989844,9.129616267358442,7.6561,,
208,single-site-cp,23,0.05,False,,,failsafe,0.39689222966419035,4.5600568512565145,4.1632,,
208,single-site-cp,23,0.1,False,,,failsafe,0.39689222966419035,4.5600568512565145,4.1632,,
208,single-site-cp,24,0.05,False,,,failsafe,1.107790312963364,6.207188368258497,5.0994,,
208,single-site-cp,24,0.1,False,,,failsafe,1.107790312963364,6.207188368258497,5.0994,,
208,single-site-cp,25,0.05,False,,,failsafe,0.4370279077345965,3.2927913677337814,2.8558,,
208,single-site-cp,25,0.1,False,,,failsafe,0.4370279077345965,3.2927913677337814,2.8558,,
208,single-site-cp,26,0.05,False,,,failsafe,1.0036025434567102,10.928879955499413,9.9253,,
208,single-site-cp,26,0.1,False,,,failsafe,1.0036025434567102,10.928879955499413,9.9253,,
208,single-site-cp,27,0.05,False,,,failsafe,1.6625224263079854,17.4334489607764,15.7709,,
208,single-site-cp,27,0.1,False,,,failsafe,1.6625224263079854,17.4334489607764,15.7709,,
208,single-site-cp,28,0.05,False,,,failsafe,1.8954261449012364,7.804218006171843,5.9088,,
208,single-site-cp,28,0.1,False,,,failsafe,1.8954261449012364,7.804218006171843,5.9088,,
208,single-site-cp,29,0.05,False,,,failsafe,1.420858791815261,5.8373372406053505,4.4165,,
208,single-site-cp,29,0.1,False,,,failsafe,1.420858791815261,5.8373372406053505,4.4165,,
208,single-site-cp,30,0.05,False,,,failsafe,0.5281740807991367,4.167727193424003,3.6396,,
208,single-site-cp,30,0.1,False,,,failsafe,0.5281740807991367,4.167727193424003,3.6396,,
208,single-site-cp,31,0.05,False,,,failsafe,1.9771309022155135,6.344068487067268,4.3669,,
208,single-site-cp,31,0.1,False,,,failsafe,1.9771309022155135,6.344068487067268,4.3669,,
208,single-site-cp,32,0.05,False,,,failsafe,2.6069069347655844,8.432157048561962,5.8253,,
208,single-site-cp,32,0.1,False,,,failsafe,2.6069069347655844,8.432157048561962,5.8253,,
208,single-site-cp,33,0.05,False,,,failsafe,0.042711418913620285,7.243814099779184,7.2011,,
208,single-site-cp,33,0.1,False,,,failsafe,0.042711418913620285,7.243814099779184,7.2011,,
208,single-site-cp,34,0.05,False,,,failsafe,1.7650120995704217,9.07877051794854,7.3138,,
208,single-site-cp,34,0.1,False,,,failsafe,1.7650120995704217,9.07877051794854,7.3138,,
208,single-site-cp,35,0.05,False,,,failsafe,0.281998258753572,2.6818000220724203,2.3998,,
208,single-site-cp,35,0.1,False,,,failsafe,0.281998258753572,2.6818000220724203,2.3998,,
208,single-site-cp,36,0.05,False,,,failsafe,0.3689088830885114,5.471169750994682,5.1023,,
208,single-site-cp,36,0.1,False,,,failsafe,0.3689088830885114,5.471169750994682,5.1023,,
208,single-site-cp,37,0.05,False,,,failsafe,0.4189984486933473,17.98464596293494,17.5656,,
208,single-site-cp,37,0.1,False,,,failsafe,0.4189984486933473,17.98464596293494,17.5656,,
208,single-site-cp,38,0.05,False,,,failsafe,1.4841515503891531,6.199395222496006,4.7152,,
208,single-site-cp,38,0.1,False,,,failsafe,1.4841515503891531,6.199395222496006,4.7152,,
208,single-site-cp,39,0.05,False,,,failsafe,0.9302478716633519,4.49766023931681,3.5674,,
208,single-site-cp,39,0.1,False,,,failsafe,0.9302478716633519,4.49766023931681,3.5674,,
208,single-site-cp,40,0.05,False,,,failsafe,0.26212754778076947,4.509638749443491,4.2475,,
208,single-site-cp,40,0.1,False,,,failsafe,0.26212754778076947,4.509638749443491,4.2475,,
208,single-site-cp,41,0.05,False,,,failsafe,1.6415407480296391,4.15212225842152,2.5106,,
208,single-site-cp,41,0.1,False,,,failsafe,1.6415407480296391,4.15212225842152,2.5106,,
208,single-site-cp,42,0.05,False,,,failsafe,0.49049360959676697,4.939345352390511,4.4489,,
208,single-site-cp,42,0.1,False,,,failsafe,0.49049360959676697,4.939345352390511,4.4489,,
208,single-site-cp,43,0.05,False,,,failsafe,0.4862513023061559,3.9058916831239423,3.4196,,
208,single-site-cp,43,0.1,False,,,failsafe,0.4862513023061559,3.9058916831239423,3.4196,,
208,single-site-cp,44,0.05,False,,,failsafe,0.5929093480647676,6.208823797485584,5.6159,,
208,single-site-cp,44,0.1,False,,,failsafe,0.5929093480647676,6.208823797485584,5.6159,,
208,single-site-cp,45,0.05,False,,,failsafe,0.3521329224218714,5.720870619597797,5.3687,,
208,single-site-cp,45,0.1,False,,,failsafe,0.3521329224218714,5.720870619597797,5.3687,,
208,single-site-cp,46,0.05,False,,,failsafe,0.5378436379726745,6.950051067491305,6.4122,,
208,single-site-cp,46,0.1,False,,,failsafe,0.5378436379726745,6.950051067491305,6.4122,,
208,single-site-cp,47,0.05,False,,,failsafe,2.4634279705898465,18.401844354174273,15.9384,,
208,single-site-cp,47,0.1,False,,,failsafe,2.4634279705898465,18.401844354174273,15.9384,,
208,single-site-cp,48,0.05,False,,,failsafe,1.9305978287210817,11.507289761861111,9.5767,,
208,single-site-cp,48,0.1,False,,,failsafe,1.9305978287210817,11.507289761861111,9.5767,,
208,single-site-cp,49,0.05,False,,,failsafe,1.1013705811512682,14.461606782689431,13.3602,,
208,single-site-cp,49,0.1,False,,,failsafe,1.1013705811512682,14.461606782689431,13.3602,,
208,k40-boot,0,0.05,False,,,failsafe,1.7591122580869631,7.49664565909116,5.7375,,
208,k40-boot,0,0.1,False,,,failsafe,1.7591122580869631,7.49664565909116,5.7375,,
208,k40-boot,1,0.05,False,,,failsafe,1.4336694432397346,4.558812628798505,3.1251,,
208,k40-boot,1,0.1,False,,,failsafe,1.4336694432397346,4.558812628798505,3.1251,,
208,k40-boot,2,0.05,False,,,failsafe,0.7483668853440495,3.805200089456319,3.0568,,
208,k40-boot,2,0.1,False,,,failsafe,0.7483668853440495,3.805200089456319,3.0568,,
208,k40-boot,3,0.05,False,,,failsafe,1.3070696553472503,4.277809493367798,2.9707,,
208,k40-boot,3,0.1,False,,,failsafe,1.3070696553472503,4.277809493367798,2.9707,,
208,k40-boot,4,0.05,False,,,failsafe,1.4131065868610937,5.525658350215376,4.1126,,
208,k40-boot,4,0.1,False,,,failsafe,1.4131065868610937,5.525658350215376,4.1126,,
208,k40-boot,5,0.05,False,,,failsafe,1.063815593506586,3.625715248964152,2.5619,,
208,k40-boot,5,0.1,False,,,failsafe,1.063815593506586,3.625715248964152,2.5619,,
208,k40-boot,6,0.05,False,,,failsafe,1.222328593181599,3.9385968306049937,2.7163,,
208,k40-boot,6,0.1,False,,,failsafe,1.222328593181599,3.9385968306049937,2.7163,,
208,k40-boot,7,0.05,False,,,failsafe,1.282549137710406,4.326259853328498,3.0437,,
208,k40-boot,7,0.1,False,,,failsafe,1.282549137710406,4.326259853328498,3.0437,,
208,k40-boot,8,0.05,False,,,failsafe,1.1851994371063987,3.845818601552254,2.6606,,
208,k40-boot,8,0.1,False,,,failsafe,1.1851994371063987,3.845818601552254,2.6606,,
208,k40-boot,9,0.05,False,,,failsafe,1.4704499336837782,6.06027085300456,4.5898,,
208,k40-boot,9,0.1,False,,,failsafe,1.4704499336837782,6.06027085300456,4.5898,,
208,k40-boot,10,0.05,False,,,failsafe,1.238132372217279,4.771763595547783,3.5336,,
208,k40-boot,10,0.1,False,,,failsafe,1.238132372217279,4.771763595547783,3.5336,,
208,k40-boot,11,0.05,False,,,failsafe,1.2346503582966044,3.82239625150644,2.5877,,
208,k40-boot,11,0.1,False,,,failsafe,1.2346503582966044,3.82239625150644,2.5877,,
208,k40-boot,12,0.05,False,,,failsafe,1.0706942316195744,4.604390464569567,3.5337,,
208,k40-boot,12,0.1,False,,,failsafe,1.0706942316195744,4.604390464569567,3.5337,,
208,k40-boot,13,0.05,False,,,failsafe,1.147635370193293,4.615395786097838,3.4678,,
208,k40-boot,13,0.1,False,,,failsafe,1.147635370193293,4.615395786097838,3.4678,,
208,k40-boot,14,0.05,False,,,failsafe,1.36875236690961,5.887443115559998,4.5187,,
208,k40-boot,14,0.1,False,,,failsafe,1.36875236690961,5.887443115559998,4.5187,,
208,k40-boot,15,0.05,False,,,failsafe,1.461027800416033,7.269384182946669,5.8084,,
208,k40-boot,15,0.1,False,,,failsafe,1.461027800416033,7.269384182946669,5.8084,,
208,k40-boot,16,0.05,False,,,failsafe,1.0369683339960036,4.191193279246377,3.1542,,
208,k40-boot,16,0.1,False,,,failsafe,1.0369683339960036,4.191193279246377,3.1542,,
208,k40-boot,17,0.05,False,,,failsafe,1.3224312537990686,4.7540231454868564,3.4316,,
208,k40-boot,17,0.1,False,,,failsafe,1.3224312537990686,4.7540231454868564,3.4316,,
208,k40-boot,18,0.05,False,,,failsafe,1.3055925732698663,3.7251696250779878,2.4196,,
208,k40-boot,18,0.1,False,,,failsafe,1.3055925732698663,3.7251696250779878,2.4196,,
208,k40-boot,19,0.05,False,,,failsafe,1.1257722729041981,5.452567548157429,4.3268,,
208,k40-boot,19,0.1,False,,,failsafe,1.1257722729041981,5.452567548157429,4.3268,,
208,k40-boot,20,0.05,False,,,failsafe,1.1803422562391124,4.903437567288612,3.7231,,
208,k40-boot,20,0.1,False,,,failsafe,1.1803422562391124,4.903437567288612,3.7231,,
208,k40-boot,21,0.05,False,,,failsafe,1.2310758638894987,5.125380703318772,3.8943,,
208,k40-boot,21,0.1,False,,,failsafe,1.2310758638894987,5.125380703318772,3.8943,,
208,k40-boot,22,0.05,False,,,failsafe,1.3894825334419516,5.9053662723805616,4.5159,,
208,k40-boot,22,0.1,False,,,failsafe,1.3894825334419516,5.9053662723805616,4.5159,,
208,k40-boot,23,0.05,False,,,failsafe,1.430506353567941,4.7073252462277,3.2768,,
208,k40-boot,23,0.1,False,,,failsafe,1.430506353567941,4.7073252462277,3.2768,,
208,k40-boot,24,0.05,False,,,failsafe,1.4284014178640312,4.0082633822895435,2.5799,,
208,k40-boot,24,0.1,False,,,failsafe,1.4284014178640312,4.0082633822895435,2.5799,,
208,k40-boot,25,0.05,False,,,failsafe,1.4977331664246138,4.4469046519897235,2.9492,,
208,k40-boot,25,0.1,False,,,failsafe,1.4977331664246138,4.4469046519897235,2.9492,,
208,k40-boot,26,0.05,False,,,failsafe,1.2700755894329199,4.741846447798827,3.4718,,
208,k40-boot,26,0.1,False,,,failsafe,1.2700755894329199,4.741846447798827,3.4718,,
208,k40-boot,27,0.05,False,,,failsafe,1.288071962477079,4.424768392071704,3.1367,,
208,k40-boot,27,0.1,False,,,failsafe,1.288071962477079,4.424768392071704,3.1367,,
208,k40-boot,28,0.05,False,,,failsafe,1.9683930645096634,6.38180814212962,4.4134,,
208,k40-boot,28,0.1,False,,,failsafe,1.9683930645096634,6.38180814212962,4.4134,,
208,k40-boot,29,0.05,False,,,failsafe,1.7459194607343167,4.9707843419125,3.2249,,
208,k40-boot,29,0.1,False,,,failsafe,1.7459194607343167,4.9707843419125,3.2249,,
208,k40-boot,30,0.05,False,,,failsafe,1.4142670912260908,4.832813788167824,3.4185,,
208,k40-boot,30,0.1,False,,,failsafe,1.4142670912260908,4.832813788167824,3.4185,,
208,k40-boot,31,0.05,False,,,failsafe,1.2752973638775937,4.88855421245855,3.6133,,
208,k40-boot,31,0.1,False,,,failsafe,1.2752973638775937,4.88855421245855,3.6133,,
208,k40-boot,32,0.05,False,,,failsafe,1.342476774011151,4.296958219359068,2.9545,,
208,k40-boot,32,0.1,False,,,failsafe,1.342476774011151,4.296958219359068,2.9545,,
208,k40-boot,33,0.05,False,,,failsafe,0.9010106174924272,4.109875402938508,3.2089,,
208,k40-boot,33,0.1,False,,,failsafe,0.9010106174924272,4.109875402938508,3.2089,,
208,k40-boot,34,0.05,False,,,failsafe,1.599548281562066,5.218746922677593,3.6192,,
208,k40-boot,34,0.1,False,,,failsafe,1.599548281562066,5.218746922677593,3.6192,,
208,k40-boot,35,0.05,False,,,failsafe,1.3651541604678799,5.655901709912766,4.2907,,
208,k40-boot,35,0.1,False,,,failsafe,1.3651541604678799,5.655901709912766,4.2907,,
208,k40-boot,36,0.05,False,,,failsafe,1.2412580374733997,5.214159698600857,3.9729,,
208,k40-boot,36,0.1,False,,,failsafe,1.2412580374733997,5.214159698600857,3.9729,,
208,k40-boot,37,0.05,False,,,failsafe,1.342619914867521,4.812098398958345,3.4695,,
208,k40-boot,37,0.1,False,,,failsafe,1.342619914867521,4.812098398958345,3.4695,,
208,k40-boot,38,0.05,False,,,failsafe,1.156393921194232,5.677364742280294,4.521,,
208,k40-boot,38,0.1,False,,,failsafe,1.156393921194232,5.677364742280294,4.521,,
208,k40-boot,39,0.05,False,,,failsafe,1.8143779593157232,6.891947525866063,5.0776,,
208,k40-boot,39,0.1,False,,,failsafe,1.8143779593157232,6.891947525866063,5.0776,,
208,k40-boot,40,0.05,False,,,failsafe,0.9816291841230576,3.9074455265711787,2.9258,,
208,k40-boot,40,0.1,False,,,failsafe,0.9816291841230576,3.9074455265711787,2.9258,,
208,k40-boot,41,0.05,False,,,failsafe,1.735914187770073,4.471295977250111,2.7354,,
208,k40-boot,41,0.1,False,,,failsafe,1.735914187770073,4.471295977250111,2.7354,,
208,k40-boot,42,0.05,False,,,failsafe,1.1180067775051106,4.358747966265352,3.2407,,
208,k40-boot,42,0.1,False,,,failsafe,1.1180067775051106,4.358747966265352,3.2407,,
208,k40-boot,43,0.05,False,,,failsafe,1.279376607607497,5.1962679386447075,3.9169,,
208,k40-boot,43,0.1,False,,,failsafe,1.279376607607497,5.1962679386447075,3.9169,,
208,k40-boot,44,0.05,False,,,failsafe,1.708270391625021,4.94124648019443,3.233,,
208,k40-boot,44,0.1,False,,,failsafe,1.708270391625021,4.94124648019443,3.233,,
208,k40-boot,45,0.05,False,,,failsafe,1.5574763861665215,4.168093937238029,2.6106,,
208,k40-boot,45,0.1,False,,,failsafe,1.5574763861665215,4.168093937238029,2.6106,,
208,k40-boot,46,0.05,False,,,failsafe,1.0894729128977099,4.955541446974208,3.8661,,
208,k40-boot,46,0.1,False,,,failsafe,1.0894729128977099,4.955541446974208,3.8661,,
208,k40-boot,47,0.05,False,,,failsafe,2.1154321976905517,8.405473218350293,6.29,,
208,k40-boot,47,0.1,False,,,failsafe,2.1154321976905517,8.405473218350293,6.29,,
208,k40-boot,48,0.05,False,,,failsafe,1.4106322233177069,6.816952230631193,5.4063,,
208,k40-boot,48,0.1,False,,,failsafe,1.4106322233177069,6.816952230631193,5.4063,,
208,k40-boot,49,0.05,False,,,failsafe,1.219176036970436,5.77630587751706,4.5571,,
208,k40-boot,49,0.1,False,,,failsafe,1.219176036970436,5.77630587751706,4.5571,,
600,single-site-cp,0,0.05,False,,,bbse-misspecified,,,,,
600,single-site-cp,0,0.1,False,,,bbse-misspecified,,,,,
600,single-site-cp,1,0.05,False,,,failsafe,0.445246976060383,5.975699420512267,5.5305,,
600,single-site-cp,1,0.1,False,,,failsafe,0.445246976060383,5.975699420512267,5.5305,,
600,single-site-cp,2,0.05,False,,,failsafe,2.739668254179837,21.34220858903901,18.6025,,
600,single-site-cp,2,0.1,False,,,failsafe,2.739668254179837,21.34220858903901,18.6025,,
600,single-site-cp,3,0.05,False,,,failsafe,1.6977795080578144,4.792579613243824,3.0948,,
600,single-site-cp,3,0.1,False,,,failsafe,1.6977795080578144,4.792579613243824,3.0948,,
600,single-site-cp,4,0.05,False,,,failsafe,0.3377979188868125,2.063057225262331,1.7253,,
600,single-site-cp,4,0.1,True,0.75,0.8713,,0.3377979188868125,2.063057225262331,1.7253,0.077303,False
600,single-site-cp,5,0.05,False,,,failsafe,0.9885523893910356,5.160625039700395,4.1721,,
600,single-site-cp,5,0.1,False,,,failsafe,0.9885523893910356,5.160625039700395,4.1721,,
600,single-site-cp,6,0.05,False,,,bbse-misspecified,,,,,
600,single-site-cp,6,0.1,False,,,bbse-misspecified,,,,,
600,single-site-cp,7,0.05,False,,,failsafe,0.978552019410319,2.5465992595964786,1.568,,
600,single-site-cp,7,0.1,True,0.85,0.7897,,0.978552019410319,2.5465992595964786,1.568,0.054897,False
600,single-site-cp,8,0.05,False,,,bbse-misspecified,,,,,
600,single-site-cp,8,0.1,False,,,bbse-misspecified,,,,,
600,single-site-cp,9,0.05,False,,,failsafe,3.869975609431074,12.93360126528585,9.0636,,
600,single-site-cp,9,0.1,False,,,failsafe,3.869975609431074,12.93360126528585,9.0636,,
600,single-site-cp,10,0.05,False,,,failsafe,0.3918105658602875,3.815599155545892,3.4238,,
600,single-site-cp,10,0.1,False,,,failsafe,0.3918105658602875,3.815599155545892,3.4238,,
600,single-site-cp,11,0.05,False,,,failsafe,1.7964665769496533,5.30770767718418,3.5112,,
600,single-site-cp,11,0.1,False,,,failsafe,1.7964665769496533,5.30770767718418,3.5112,,
600,single-site-cp,12,0.05,False,,,failsafe,2.1253093098698663,4.93793230644133,2.8126,,
600,single-site-cp,12,0.1,False,,,failsafe,2.1253093098698663,4.93793230644133,2.8126,,
600,single-site-cp,13,0.05,False,,,failsafe,1.8518913298162532,7.339729396893195,5.4878,,
600,single-site-cp,13,0.1,False,,,failsafe,1.8518913298162532,7.339729396893195,5.4878,,
600,single-site-cp,14,0.05,False,,,failsafe,0.28473962952435566,5.070609685808662,4.7859,,
600,single-site-cp,14,0.1,False,,,failsafe,0.28473962952435566,5.070609685808662,4.7859,,
600,single-site-cp,15,0.05,False,,,failsafe,1.5545174517930327,6.390761700359284,4.8362,,
600,single-site-cp,15,0.1,False,,,failsafe,1.5545174517930327,6.390761700359284,4.8362,,
600,single-site-cp,16,0.05,False,,,failsafe,1.416453253135597,17.81308502669652,16.3966,,
600,single-site-cp,16,0.1,False,,,failsafe,1.416453253135597,17.81308502669652,16.3966,,
600,single-site-cp,17,0.05,False,,,failsafe,1.1323470497782495,3.3019163184871245,2.1696,,
600,single-site-cp,17,0.1,False,,,failsafe,1.1323470497782495,3.3019163184871245,2.1696,,
600,single-site-cp,18,0.05,False,,,failsafe,0.3355496360094213,2.4180975010752332,2.0825,,
600,single-site-cp,18,0.1,True,0.83,0.8097,,0.3355496360094213,2.4180975010752332,2.0825,0.058845,False
600,single-site-cp,19,0.05,False,,,failsafe,1.1260596195876713,5.206329316113707,4.0803,,
600,single-site-cp,19,0.1,False,,,failsafe,1.1260596195876713,5.206329316113707,4.0803,,
600,single-site-cp,20,0.05,False,,,failsafe,1.422649429104068,17.73932461092882,16.3167,,
600,single-site-cp,20,0.1,False,,,failsafe,1.422649429104068,17.73932461092882,16.3167,,
600,single-site-cp,21,0.05,False,,,failsafe,0.644172014057863,10.970876576978787,10.3267,,
600,single-site-cp,21,0.1,False,,,failsafe,0.644172014057863,10.970876576978787,10.3267,,
600,single-site-cp,22,0.05,False,,,failsafe,1.310986757268574,7.778508639651809,6.4675,,
600,single-site-cp,22,0.1,False,,,failsafe,1.310986757268574,7.778508639651809,6.4675,,
600,single-site-cp,23,0.05,False,,,failsafe,1.288109706704314,4.599605078139077,3.3115,,
600,single-site-cp,23,0.1,False,,,failsafe,1.288109706704314,4.599605078139077,3.3115,,
600,single-site-cp,24,0.05,False,,,failsafe,0.7857177603423571,8.236429657638919,7.4507,,
600,single-site-cp,24,0.1,False,,,failsafe,0.7857177603423571,8.236429657638919,7.4507,,
600,single-site-cp,25,0.05,False,,,failsafe,0.6342911280997867,13.641682530495524,13.0074,,
600,single-site-cp,25,0.1,False,,,failsafe,0.6342911280997867,13.641682530495524,13.0074,,
600,single-site-cp,26,0.05,False,,,failsafe,0.39110635017281453,2.7582664136930592,2.3672,,
600,single-site-cp,26,0.1,True,0.91,0.7041,,0.39110635017281453,2.7582664136930592,2.3672,0.041332,False
600,single-site-cp,27,0.05,False,,,failsafe,1.7411009477049701,14.068022029115365,12.3269,,
600,single-site-cp,27,0.1,False,,,failsafe,1.7411009477049701,14.068022029115365,12.3269,,
600,single-site-cp,28,0.05,False,,,failsafe,2.0098275381605735,5.740312233498159,3.7305,,
600,single-site-cp,28,0.1,False,,,failsafe,2.0098275381605735,5.740312233498159,3.7305,,
600,single-site-cp,29,0.05,False,,,failsafe,1.245110244894672,2.769487429911615,1.5244,,
600,single-site-cp,29,0.1,True,0.89,0.7492,,1.245110244894672,2.769487429911615,1.5244,0.045598,False
600,single-site-cp,30,0.05,False,,,failsafe,2.6331741165569804,6.968273899825605,4.3351,,
600,single-site-cp,30,0.1,False,,,failsafe,2.6331741165569804,6.968273899825605,4.3351,,
600,single-site-cp,31,0.05,False,,,failsafe,1.2091354384472404,8.348451702062292,7.1393,,
600,single-site-cp,31,0.1,False,,,failsafe,1.2091354384472404,8.348451702062292,7.1393,,
600,single-site-cp,32,0.05,False,,,failsafe,3.226541869564368,20.06576195766669,16.8392,,
600,single-site-cp,32,0.1,False,,,failsafe,3.226541869564368,20.06576195766669,16.8392,,
600,single-site-cp,33,0.05,False,,,bbse-misspecified,,,,,
600,single-site-cp,33,0.1,False,,,bbse-misspecified,,,,,
600,single-site-cp,34,0.05,False,,,failsafe,1.2455866981819275,6.691313978429671,5.4457,,
600,single-site-cp,34,0.1,False,,,failsafe,1.2455866981819275,6.691313978429671,5.4457,,
600,single-site-cp,35,0.05,False,,,failsafe,2.1851942682666703,4.885202602951955,2.7,,
600,single-site-cp,35,0.1,False,,,failsafe,2.1851942682666703,4.885202602951955,2.7,,
600,single-site-cp,36,0.05,False,,,failsafe,0.7858859695812888,15.9502984129513,15.1644,,
600,single-site-cp,36,0.1,False,,,failsafe,0.7858859695812888,15.9502984129513,15.1644,,
600,single-site-cp,37,0.05,False,,,failsafe,0.8793989650483439,4.606670737395258,3.7273,,
600,single-site-cp,37,0.1,False,,,failsafe,0.8793989650483439,4.606670737395258,3.7273,,
600,single-site-cp,38,0.05,False,,,failsafe,0.7020195513075191,5.051486487721457,4.3495,,
600,single-site-cp,38,0.1,False,,,failsafe,0.7020195513075191,5.051486487721457,4.3495,,
600,single-site-cp,39,0.05,False,,,failsafe,1.5260221949501211,4.449789017363678,2.9238,,
600,single-site-cp,39,0.1,False,,,failsafe,1.5260221949501211,4.449789017363678,2.9238,,
600,single-site-cp,40,0.05,False,,,failsafe,0.012309721261224009,3.3429886408506366,3.3307,,
600,single-site-cp,40,0.1,False,,,failsafe,0.012309721261224009,3.3429886408506366,3.3307,,
600,single-site-cp,41,0.05,False,,,failsafe,1.9679280675669732,5.2575984202296215,3.2897,,
600,single-site-cp,41,0.1,False,,,failsafe,1.9679280675669732,5.2575984202296215,3.2897,,
600,single-site-cp,42,0.05,False,,,failsafe,1.022702743480287,3.212110754381082,2.1894,,
600,single-site-cp,42,0.1,False,,,failsafe,1.022702743480287,3.212110754381082,2.1894,,
600,single-site-cp,43,0.05,False,,,failsafe,0.5655601058461202,5.039592628881928,4.474,,
600,single-site-cp,43,0.1,False,,,failsafe,0.5655601058461202,5.039592628881928,4.474,,
600,single-site-cp,44,0.05,False,,,failsafe,0.38692695285391493,2.638340843321876,2.2514,,
600,single-site-cp,44,0.1,True,0.87,0.7719,,0.38692695285391493,2.638340843321876,2.2514,0.049169,False
600,single-site-cp,45,0.05,False,,,failsafe,0.6464957031654529,3.403648335514703,2.7572,,
600,single-site-cp,45,0.1,False,,,failsafe,0.6464957031654529,3.403648335514703,2.7572,,
600,single-site-cp,46,0.05,False,,,failsafe,1.054763795094402,2.6941768550287644,1.6394,,
600,single-site-cp,46,0.1,True,0.91,0.7272,,1.054763795094402,2.6941768550287644,1.6394,0.042272,False
600,single-site-cp,47,0.05,False,,,failsafe,1.3943551135509702,8.156492870343895,6.7621,,
600,single-site-cp,47,0.1,False,,,failsafe,1.3943551135509702,8.156492870343895,6.7621,,
600,single-site-cp,48,0.05,False,,,failsafe,0.9370367743579077,5.656345177531921,4.7193,,
600,single-site-cp,48,0.1,False,,,failsafe,0.9370367743579077,5.656345177531921,4.7193,,
600,single-site-cp,49,0.05,False,,,failsafe,0.8154693690377638,13.663305957803477,12.8478,,
600,single-site-cp,49,0.1,False,,,failsafe,0.8154693690377638,13.663305957803477,12.8478,,
600,k40-boot,0,0.05,False,,,failsafe,1.6087944828774918,3.7321318906974272,2.1233,,
600,k40-boot,0,0.1,False,,,failsafe,1.6087944828774918,3.7321318906974272,2.1233,,
600,k40-boot,1,0.05,False,,,failsafe,1.6974101368690782,4.247750336643126,2.5503,,
600,k40-boot,1,0.1,False,,,failsafe,1.6974101368690782,4.247750336643126,2.5503,,
600,k40-boot,2,0.05,False,,,failsafe,1.558983616122691,7.208926209959371,5.6499,,
600,k40-boot,2,0.1,False,,,failsafe,1.558983616122691,7.208926209959371,5.6499,,
600,k40-boot,3,0.05,False,,,failsafe,1.342195131997395,4.035047085492778,2.6929,,
600,k40-boot,3,0.1,False,,,failsafe,1.342195131997395,4.035047085492778,2.6929,,
600,k40-boot,4,0.05,False,,,failsafe,1.7071129434061676,4.185037034456613,2.4779,,
600,k40-boot,4,0.1,False,,,failsafe,1.7071129434061676,4.185037034456613,2.4779,,
600,k40-boot,5,0.05,False,,,failsafe,1.524291938073432,4.426381516382198,2.9021,,
600,k40-boot,5,0.1,False,,,failsafe,1.524291938073432,4.426381516382198,2.9021,,
600,k40-boot,6,0.05,False,,,failsafe,2.003081629822953,4.807009524360865,2.8039,,
600,k40-boot,6,0.1,False,,,failsafe,2.003081629822953,4.807009524360865,2.8039,,
600,k40-boot,7,0.05,False,,,failsafe,1.0916622326150793,4.267931633163766,3.1763,,
600,k40-boot,7,0.1,False,,,failsafe,1.0916622326150793,4.267931633163766,3.1763,,
600,k40-boot,8,0.05,False,,,failsafe,1.529775977432903,4.35159124486485,2.8218,,
600,k40-boot,8,0.1,False,,,failsafe,1.529775977432903,4.35159124486485,2.8218,,
600,k40-boot,9,0.05,False,,,failsafe,1.5387910870187598,4.083462046956319,2.5447,,
600,k40-boot,9,0.1,False,,,failsafe,1.5387910870187598,4.083462046956319,2.5447,,
600,k40-boot,10,0.05,False,,,failsafe,1.3943655507573114,4.868389158077459,3.474,,
600,k40-boot,10,0.1,False,,,failsafe,1.3943655507573114,4.868389158077459,3.474,,
600,k40-boot,11,0.05,False,,,failsafe,1.9827994435697414,5.5222194925681904,3.5394,,
600,k40-boot,11,0.1,False,,,failsafe,1.9827994435697414,5.5222194925681904,3.5394,,
600,k40-boot,12,0.05,False,,,failsafe,1.562710450394543,4.1580436997944945,2.5953,,
600,k40-boot,12,0.1,False,,,failsafe,1.562710450394543,4.1580436997944945,2.5953,,
600,k40-boot,13,0.05,False,,,failsafe,1.5314964753601923,4.397815174878394,2.8663,,
600,k40-boot,13,0.1,False,,,failsafe,1.5314964753601923,4.397815174878394,2.8663,,
600,k40-boot,14,0.05,False,,,failsafe,1.5884691412857073,4.132217378650293,2.5437,,
600,k40-boot,14,0.1,False,,,failsafe,1.5884691412857073,4.132217378650293,2.5437,,
600,k40-boot,15,0.05,False,,,failsafe,1.5760678143578493,3.88867356508705,2.3126,,
600,k40-boot,15,0.1,False,,,failsafe,1.5760678143578493,3.88867356508705,2.3126,,
600,k40-boot,16,0.05,False,,,failsafe,1.3468910382843557,3.4329495757742357,2.0861,,
600,k40-boot,16,0.1,False,,,failsafe,1.3468910382843557,3.4329495757742357,2.0861,,
600,k40-boot,17,0.05,False,,,failsafe,1.3307901698482951,4.726031778907858,3.3952,,
600,k40-boot,17,0.1,False,,,failsafe,1.3307901698482951,4.726031778907858,3.3952,,
600,k40-boot,18,0.05,False,,,failsafe,1.3612680232299936,3.7027675553197836,2.3415,,
600,k40-boot,18,0.1,False,,,failsafe,1.3612680232299936,3.7027675553197836,2.3415,,
600,k40-boot,19,0.05,False,,,failsafe,1.6920490600578093,4.121440407001513,2.4294,,
600,k40-boot,19,0.1,False,,,failsafe,1.6920490600578093,4.121440407001513,2.4294,,
600,k40-boot,20,0.05,False,,,failsafe,1.67488246491782,4.4999689856674205,2.8251,,
600,k40-boot,20,0.1,False,,,failsafe,1.67488246491782,4.4999689856674205,2.8251,,
600,k40-boot,21,0.05,False,,,failsafe,1.6549275926887896,4.82050370191414,3.1656,,
600,k40-boot,21,0.1,False,,,failsafe,1.6549275926887896,4.82050370191414,3.1656,,
600,k40-boot,22,0.05,False,,,failsafe,1.8505407872034063,4.3919333832255285,2.5414,,
600,k40-boot,22,0.1,False,,,failsafe,1.8505407872034063,4.3919333832255285,2.5414,,
600,k40-boot,23,0.05,False,,,failsafe,1.5124227965762096,5.394440259460602,3.882,,
600,k40-boot,23,0.1,False,,,failsafe,1.5124227965762096,5.394440259460602,3.882,,
600,k40-boot,24,0.05,False,,,failsafe,1.7783159094569443,5.4349449182904435,3.6566,,
600,k40-boot,24,0.1,False,,,failsafe,1.7783159094569443,5.4349449182904435,3.6566,,
600,k40-boot,25,0.05,False,,,failsafe,1.4934465382214988,4.274149437793074,2.7807,,
600,k40-boot,25,0.1,False,,,failsafe,1.4934465382214988,4.274149437793074,2.7807,,
600,k40-boot,26,0.05,False,,,failsafe,1.234033526705322,3.7739526771669825,2.5399,,
600,k40-boot,26,0.1,False,,,failsafe,1.234033526705322,3.7739526771669825,2.5399,,
600,k40-boot,27,0.05,False,,,failsafe,1.739172271433464,4.992649359272114,3.2535,,
600,k40-boot,27,0.1,False,,,failsafe,1.739172271433464,4.992649359272114,3.2535,,
600,k40-boot,28,0.05,False,,,failsafe,1.8321762835175062,5.059740737331688,3.2276,,
600,k40-boot,28,0.1,False,,,failsafe,1.8321762835175062,5.059740737331688,3.2276,,
600,k40-boot,29,0.05,False,,,failsafe,1.4868380908394068,5.048088992336719,3.5613,,
600,k40-boot,29,0.1,False,,,failsafe,1.4868380908394068,5.048088992336719,3.5613,,
600,k40-boot,30,0.05,False,,,failsafe,1.4575796378608195,3.9901588585272885,2.5326,,
600,k40-boot,30,0.1,False,,,failsafe,1.4575796378608195,3.9901588585272885,2.5326,,
600,k40-boot,31,0.05,False,,,failsafe,1.780796055924068,5.743468797667852,3.9627,,
600,k40-boot,31,0.1,False,,,failsafe,1.780796055924068,5.743468797667852,3.9627,,
600,k40-boot,32,0.05,False,,,failsafe,1.015136424608879,4.108026675602851,3.0929,,
600,k40-boot,32,0.1,False,,,failsafe,1.015136424608879,4.108026675602851,3.0929,,
600,k40-boot,33,0.05,False,,,failsafe,1.4480092891006513,3.376639047569427,1.9286,,
600,k40-boot,33,0.1,False,,,failsafe,1.4480092891006513,3.376639047569427,1.9286,,
600,k40-boot,34,0.05,False,,,failsafe,1.355092420398152,3.7914902142024114,2.4364,,
600,k40-boot,34,0.1,False,,,failsafe,1.355092420398152,3.7914902142024114,2.4364,,
600,k40-boot,35,0.05,False,,,failsafe,1.4627099237241967,4.368086177326158,2.9054,,
600,k40-boot,35,0.1,False,,,failsafe,1.4627099237241967,4.368086177326158,2.9054,,
600,k40-boot,36,0.05,False,,,failsafe,1.4152248317173466,4.054397133244102,2.6392,,
600,k40-boot,36,0.1,False,,,failsafe,1.4152248317173466,4.054397133244102,2.6392,,
600,k40-boot,37,0.05,False,,,failsafe,1.503751343129361,4.545795052981803,3.042,,
600,k40-boot,37,0.1,False,,,failsafe,1.503751343129361,4.545795052981803,3.042,,
600,k40-boot,38,0.05,False,,,failsafe,1.516367367505877,3.7368720013408376,2.2205,,
600,k40-boot,38,0.1,False,,,failsafe,1.516367367505877,3.7368720013408376,2.2205,,
600,k40-boot,39,0.05,False,,,failsafe,1.4496983231446863,4.6854643287523,3.2358,,
600,k40-boot,39,0.1,False,,,failsafe,1.4496983231446863,4.6854643287523,3.2358,,
600,k40-boot,40,0.05,False,,,failsafe,1.562595470413455,3.5905135919973006,2.0279,,
600,k40-boot,40,0.1,False,,,failsafe,1.562595470413455,3.5905135919973006,2.0279,,
600,k40-boot,41,0.05,False,,,failsafe,1.5345415434091525,4.2314582962385545,2.6969,,
600,k40-boot,41,0.1,False,,,failsafe,1.5345415434091525,4.2314582962385545,2.6969,,
600,k40-boot,42,0.05,False,,,failsafe,1.5936380312538838,4.60739655512333,3.0138,,
600,k40-boot,42,0.1,False,,,failsafe,1.5936380312538838,4.60739655512333,3.0138,,
600,k40-boot,43,0.05,False,,,failsafe,1.699834559776091,4.409782416833236,2.7099,,
600,k40-boot,43,0.1,False,,,failsafe,1.699834559776091,4.409782416833236,2.7099,,
600,k40-boot,44,0.05,False,,,failsafe,1.972877503605695,3.7853188718431054,1.8124,,
600,k40-boot,44,0.1,False,,,failsafe,1.972877503605695,3.7853188718431054,1.8124,,
600,k40-boot,45,0.05,False,,,failsafe,1.7335613863808026,4.148503098406982,2.4149,,
600,k40-boot,45,0.1,False,,,failsafe,1.7335613863808026,4.148503098406982,2.4149,,
600,k40-boot,46,0.05,False,,,failsafe,1.7523442409926773,5.5104971154061815,3.7582,,
600,k40-boot,46,0.1,False,,,failsafe,1.7523442409926773,5.5104971154061815,3.7582,,
600,k40-boot,47,0.05,False,,,failsafe,1.326650215466083,4.132052210943156,2.8054,,
600,k40-boot,47,0.1,False,,,failsafe,1.326650215466083,4.132052210943156,2.8054,,
600,k40-boot,48,0.05,False,,,failsafe,1.6274012567790395,4.449233797751957,2.8218,,
600,k40-boot,48,0.1,False,,,failsafe,1.6274012567790395,4.449233797751957,2.8218,,
600,k40-boot,49,0.05,False,,,failsafe,1.7781578987570283,5.187989283826566,3.4098,,
600,k40-boot,49,0.1,False,,,failsafe,1.7781578987570283,5.187989283826566,3.4098,,
900,single-site-cp,0,0.05,False,,,failsafe,0.872672200239537,5.395683191229783,4.523,,
900,single-site-cp,0,0.1,False,,,failsafe,0.872672200239537,5.395683191229783,4.523,,
900,single-site-cp,1,0.05,False,,,failsafe,1.1202006391329022,7.749621761457554,6.6294,,
900,single-site-cp,1,0.1,False,,,failsafe,1.1202006391329022,7.749621761457554,6.6294,,
900,single-site-cp,2,0.05,False,,,failsafe,0.2400017092856538,1.8181143934717283,1.5781,,
900,single-site-cp,2,0.1,True,0.61,0.9489,,0.2400017092856538,1.8181143934717283,1.5781,0.097795,False
900,single-site-cp,3,0.05,False,,,failsafe,1.4545807048497494,5.361810291750384,3.9072,,
900,single-site-cp,3,0.1,False,,,failsafe,1.4545807048497494,5.361810291750384,3.9072,,
900,single-site-cp,4,0.05,False,,,failsafe,0.8785548684349601,4.796903208531883,3.9183,,
900,single-site-cp,4,0.1,False,,,failsafe,0.8785548684349601,4.796903208531883,3.9183,,
900,single-site-cp,5,0.05,True,0.95,0.6341,,0.7448261441978001,1.8990211930126886,1.1542,0.026617,False
900,single-site-cp,5,0.1,True,0.61,0.9475,,0.7448261441978001,1.8990211930126886,1.1542,0.098103,False
900,single-site-cp,6,0.05,False,,,failsafe,1.9212609923338866,3.715345709485961,1.7941,,
900,single-site-cp,6,0.1,True,0.91,0.72,,1.9212609923338866,3.715345709485961,1.7941,0.041064,False
900,single-site-cp,7,0.05,False,,,failsafe,1.0660029871562702,3.747627395469836,2.6816,,
900,single-site-cp,7,0.1,True,0.91,0.72,,1.0660029871562702,3.747627395469836,2.6816,0.036025,False
900,single-site-cp,8,0.05,False,,,failsafe,1.7098121905357195,6.796870336021295,5.0871,,
900,single-site-cp,8,0.1,False,,,failsafe,1.7098121905357195,6.796870336021295,5.0871,,
900,single-site-cp,9,0.05,False,,,failsafe,1.0414108449933581,2.8467033631973004,1.8053,,
900,single-site-cp,9,0.1,True,0.81,0.8345,,1.0414108449933581,2.8467033631973004,1.8053,0.064779,False
900,single-site-cp,10,0.05,False,,,failsafe,2.074135625744779,4.831442971651685,2.7573,,
900,single-site-cp,10,0.1,False,,,failsafe,2.074135625744779,4.831442971651685,2.7573,,
900,single-site-cp,11,0.05,False,,,failsafe,1.2479768724934954,11.162879429356348,9.9149,,
900,single-site-cp,11,0.1,False,,,failsafe,1.2479768724934954,11.162879429356348,9.9149,,
900,single-site-cp,12,0.05,False,,,failsafe,0.29118035978851065,13.947068807954743,13.6559,,
900,single-site-cp,12,0.1,False,,,failsafe,0.29118035978851065,13.947068807954743,13.6559,,
900,single-site-cp,13,0.05,False,,,failsafe,1.088111744288159,2.7068188753861353,1.6187,,
900,single-site-cp,13,0.1,True,0.79,0.8481,,1.088111744288159,2.7068188753861353,1.6187,0.066284,False
900,single-site-cp,14,0.05,False,,,failsafe,0.035524210527719986,3.3269212234277905,3.2914,,
900,single-site-cp,14,0.1,False,,,failsafe,0.035524210527719986,3.3269212234277905,3.2914,,
900,single-site-cp,15,0.05,False,,,failsafe,1.6308390940607438,5.2836040138716465,3.6528,,
900,single-site-cp,15,0.1,False,,,failsafe,1.6308390940607438,5.2836040138716465,3.6528,,
900,single-site-cp,16,0.05,False,,,failsafe,1.1217167882110723,9.601445099670366,8.4797,,
900,single-site-cp,16,0.1,False,,,failsafe,1.1217167882110723,9.601445099670366,8.4797,,
900,single-site-cp,17,0.05,False,,,failsafe,1.8858828469803928,5.6491362234234375,3.7633,,
900,single-site-cp,17,0.1,False,,,failsafe,1.8858828469803928,5.6491362234234375,3.7633,,
900,single-site-cp,18,0.05,False,,,failsafe,1.1098615485821584,13.793281757368085,12.6834,,
900,single-site-cp,18,0.1,False,,,failsafe,1.1098615485821584,13.793281757368085,12.6834,,
900,single-site-cp,19,0.05,False,,,failsafe,0.38308250262933946,4.323731684745137,3.9406,,
900,single-site-cp,19,0.1,False,,,failsafe,0.38308250262933946,4.323731684745137,3.9406,,
900,single-site-cp,20,0.05,False,,,failsafe,1.5381636556244318,4.215808043798143,2.6776,,
900,single-site-cp,20,0.1,True,0.95,0.6329,,1.5381636556244318,4.215808043798143,2.6776,0.028026,False
900,single-site-cp,21,0.05,False,,,failsafe,0.20628526309753475,1.9797658385728174,1.7735,,
900,single-site-cp,21,0.1,True,0.67,0.9198,,0.20628526309753475,1.9797658385728174,1.7735,0.084204,False
900,single-site-cp,22,0.05,False,,,failsafe,0.27096479205441676,3.828194715555902,3.5572,,
900,single-site-cp,22,0.1,True,0.93,0.6933,,0.27096479205441676,3.828194715555902,3.5572,0.034217,False
900,single-site-cp,23,0.05,False,,,failsafe,1.7379701558832479,4.355241234367738,2.6173,,
900,single-site-cp,23,0.1,False,,,failsafe,1.7379701558832479,4.355241234367738,2.6173,,
900,single-site-cp,24,0.05,False,,,failsafe,1.12445066282948,4.324616546930558,3.2002,,
900,single-site-cp,24,0.1,False,,,failsafe,1.12445066282948,4.324616546930558,3.2002,,
900,single-site-cp,25,0.05,False,,,failsafe,1.106176124996849,4.253594322665103,3.1474,,
900,single-site-cp,25,0.1,False,,,failsafe,1.106176124996849,4.253594322665103,3.1474,,
900,single-site-cp,26,0.05,False,,,bbse-misspecified,,,,,
900,single-site-cp,26,0.1,False,,,bbse-misspecified,,,,,
900,single-site-cp,27,0.05,False,,,failsafe,1.526418716824799,5.133968658882236,3.6075,,
900,single-site-cp,27,0.1,False,,,failsafe,1.526418716824799,5.133968658882236,3.6075,,
900,single-site-cp,28,0.05,False,,,failsafe,1.2030774789112826,5.963255224341406,4.7602,,
900,single-site-cp,28,0.1,False,,,failsafe,1.2030774789112826,5.963255224341406,4.7602,,
900,single-site-cp,29,0.05,False,,,failsafe,1.9812009749439803,5.047598943782456,3.0664,,
900,single-site-cp,29,0.1,False,,,failsafe,1.9812009749439803,5.047598943782456,3.0664,,
900,single-site-cp,30,0.05,False,,,failsafe,0.656381869425137,3.28632365425929,2.6299,,
900,single-site-cp,30,0.1,True,0.87,0.7743,,0.656381869425137,3.28632365425929,2.6299,0.049488,False
900,single-site-cp,31,0.05,False,,,failsafe,0.23415676483983705,6.838902638652113,6.6047,,
900,single-site-cp,31,0.1,False,,,failsafe,0.23415676483983705,6.838902638652113,6.6047,,
900,single-site-cp,32,0.05,False,,,failsafe,0.2086556503547314,12.631171853470207,12.4225,,
900,single-site-cp,32,0.1,False,,,failsafe,0.2086556503547314,12.631171853470207,12.4225,,
900,single-site-cp,33,0.05,False,,,failsafe,3.56798017958498,10.206950456179142,6.639,,
900,single-site-cp,33,0.1,False,,,failsafe,3.56798017958498,10.206950456179142,6.639,,
900,single-site-cp,34,0.05,False,,,failsafe,2.3054762778531304,7.210115477797705,4.9046,,
900,single-site-cp,34,0.1,False,,,failsafe,2.3054762778531304,7.210115477797705,4.9046,,
900,single-site-cp,35,0.05,False,,,failsafe,0.41547478966036505,4.316676194056038,3.9012,,
900,single-site-cp,35,0.1,False,,,failsafe,0.41547478966036505,4.316676194056038,3.9012,,
900,single-site-cp,36,0.05,False,,,failsafe,1.3501413605188688,7.553615104121101,6.2035,,
900,single-site-cp,36,0.1,False,,,failsafe,1.3501413605188688,7.553615104121101,6.2035,,
900,single-site-cp,37,0.05,False,,,failsafe,0.7443086141679645,4.006061520880913,3.2618,,
900,single-site-cp,37,0.1,False,,,failsafe,0.7443086141679645,4.006061520880913,3.2618,,
900,single-site-cp,38,0.05,False,,,failsafe,1.2959579280459004,4.124470714195663,2.8285,,
900,single-site-cp,38,0.1,False,,,failsafe,1.2959579280459004,4.124470714195663,2.8285,,
900,single-site-cp,39,0.05,False,,,failsafe,0.4363615469319823,6.602793422816611,6.1664,,
900,single-site-cp,39,0.1,False,,,failsafe,0.4363615469319823,6.602793422816611,6.1664,,
900,single-site-cp,40,0.05,False,,,failsafe,3.180545336768931,8.644716979663693,5.4642,,
900,single-site-cp,40,0.1,False,,,failsafe,3.180545336768931,8.644716979663693,5.4642,,
900,single-site-cp,41,0.05,False,,,failsafe,0.6480158134001147,3.5655549380151026,2.9175,,
900,single-site-cp,41,0.1,True,0.91,0.7347,,0.6480158134001147,3.5655549380151026,2.9175,0.038409,False
900,single-site-cp,42,0.05,False,,,failsafe,0.6066711225119755,3.152681110802932,2.546,,
900,single-site-cp,42,0.1,True,0.85,0.7952,,0.6066711225119755,3.152681110802932,2.546,0.049246,False
900,single-site-cp,43,0.05,False,,,failsafe,0.5145160608048741,2.0702738480983074,1.5558,,
900,single-site-cp,43,0.1,True,0.63,0.9397,,0.5145160608048741,2.0702738480983074,1.5558,0.095907,False
900,single-site-cp,44,0.05,False,,,bbse-misspecified,,,,,
900,single-site-cp,44,0.1,False,,,bbse-misspecified,,,,,
900,single-site-cp,45,0.05,False,,,failsafe,1.7292124136216296,6.267653647194801,4.5384,,
900,single-site-cp,45,0.1,False,,,failsafe,1.7292124136216296,6.267653647194801,4.5384,,
900,single-site-cp,46,0.05,False,,,failsafe,4.476976421293965,8.261358600899563,3.7844,,
900,single-site-cp,46,0.1,False,,,failsafe,4.476976421293965,8.261358600899563,3.7844,,
900,single-site-cp,47,0.05,False,,,failsafe,4.081078840707452,24.78250909468951,20.7014,,
900,single-site-cp,47,0.1,False,,,failsafe,4.081078840707452,24.78250909468951,20.7014,,
900,single-site-cp,48,0.05,False,,,failsafe,3.1017283144803773,13.089903302007182,9.9882,,
900,single-site-cp,48,0.1,False,,,failsafe,3.1017283144803773,13.089903302007182,9.9882,,
900,single-site-cp,49,0.05,False,,,failsafe,1.3873431762195594,6.131309410423348,4.744,,
900,single-site-cp,49,0.1,False,,,failsafe,1.3873431762195594,6.131309410423348,4.744,,
900,k40-boot,0,0.05,False,,,failsafe,1.658953291522544,3.680072521495929,2.0211,,
900,k40-boot,0,0.1,True,0.91,0.7233,,1.658953291522544,3.680072521495929,2.0211,0.039897,False
900,k40-boot,1,0.05,False,,,failsafe,1.8960062236242927,4.232134318956233,2.3361,,
900,k40-boot,1,0.1,True,0.97,0.5694,,1.8960062236242927,4.232134318956233,2.3361,0.018454,False
900,k40-boot,2,0.05,False,,,failsafe,1.3703192384761533,3.6882221059385834,2.3179,,
900,k40-boot,2,0.1,True,0.91,0.7312,,1.3703192384761533,3.6882221059385834,2.3179,0.039374,False
900,k40-boot,3,0.05,False,,,failsafe,1.3726550151666972,4.115219427118847,2.7426,,
900,k40-boot,3,0.1,True,0.95,0.6435,,1.3726550151666972,4.115219427118847,2.7426,0.026483,False
900,k40-boot,4,0.05,False,,,failsafe,1.8876334794924243,4.941449810391766,3.0538,,
900,k40-boot,4,0.1,False,,,failsafe,1.8876334794924243,4.941449810391766,3.0538,,
900,k40-boot,5,0.05,False,,,failsafe,1.3823727700965076,4.589736077300225,3.2074,,
900,k40-boot,5,0.1,False,,,failsafe,1.3823727700965076,4.589736077300225,3.2074,,
900,k40-boot,6,0.05,False,,,failsafe,2.005734829778126,5.186775977950484,3.181,,
900,k40-boot,6,0.1,False,,,failsafe,2.005734829778126,5.186775977950484,3.181,,
900,k40-boot,7,0.05,False,,,failsafe,1.3973106779104572,3.453396999498908,2.0561,,
900,k40-boot,7,0.1,True,0.89,0.7588,,1.3973106779104572,3.453396999498908,2.0561,0.047547,False
900,k40-boot,8,0.05,False,,,failsafe,1.7128654718928802,4.352328514270764,2.6395,,
900,k40-boot,8,0.1,False,,,failsafe,1.7128654718928802,4.352328514270764,2.6395,,
900,k40-boot,9,0.05,False,,,failsafe,1.707700569026078,4.200464197170283,2.4928,,
900,k40-boot,9,0.1,False,,,failsafe,1.707700569026078,4.200464197170283,2.4928,,
900,k40-boot,10,0.05,False,,,failsafe,1.8587898220378973,4.9736958588890445,3.1149,,
900,k40-boot,10,0.1,False,,,failsafe,1.8587898220378973,4.9736958588890445,3.1149,,
900,k40-boot,11,0.05,False,,,failsafe,1.4493797765642782,3.543587423263536,2.0942,,
900,k40-boot,11,0.1,True,0.91,0.7246,,1.4493797765642782,3.543587423263536,2.0942,0.038397,False
900,k40-boot,12,0.05,False,,,failsafe,1.910838554362082,4.3928151991552316,2.482,,
900,k40-boot,12,0.1,False,,,failsafe,1.910838554362082,4.3928151991552316,2.482,,
900,k40-boot,13,0.05,False,,,failsafe,2.0246836679029205,4.8951237988752725,2.8704,,
900,k40-boot,13,0.1,False,,,failsafe,2.0246836679029205,4.8951237988752725,2.8704,,
900,k40-boot,14,0.05,False,,,failsafe,1.5714092219563456,4.7516494656755155,3.1802,,
900,k40-boot,14,0.1,False,,,failsafe,1.5714092219563456,4.7516494656755155,3.1802,,
900,k40-boot,15,0.05,False,,,failsafe,1.9292497334994134,4.006629775837955,2.0774,,
900,k40-boot,15,0.1,True,0.95,0.6315,,1.9292497334994134,4.006629775837955,2.0774,0.025413,False
900,k40-boot,16,0.05,False,,,failsafe,1.7945578550121741,5.37825300336589,3.5837,,
900,k40-boot,16,0.1,False,,,failsafe,1.7945578550121741,5.37825300336589,3.5837,,
900,k40-boot,17,0.05,False,,,failsafe,2.0710286056065343,5.168714659284623,3.0977,,
900,k40-boot,17,0.1,False,,,failsafe,2.0710286056065343,5.168714659284623,3.0977,,
900,k40-boot,18,0.05,False,,,failsafe,1.9453982537492809,5.094487682597611,3.1491,,
900,k40-boot,18,0.1,False,,,failsafe,1.9453982537492809,5.094487682597611,3.1491,,
900,k40-boot,19,0.05,False,,,failsafe,1.7158560687981996,3.9048772477667852,2.189,,
900,k40-boot,19,0.1,True,0.93,0.684,,1.7158560687981996,3.9048772477667852,2.189,0.035737,False
900,k40-boot,20,0.05,False,,,failsafe,1.1672124083341637,3.2022673213631276,2.0351,,
900,k40-boot,20,0.1,True,0.87,0.7723,,1.1672124083341637,3.2022673213631276,2.0351,0.047529,False
900,k40-boot,21,0.05,False,,,failsafe,1.6346633875555052,5.260957196216201,3.6263,,
900,k40-boot,21,0.1,False,,,failsafe,1.6346633875555052,5.260957196216201,3.6263,,
900,k40-boot,22,0.05,False,,,failsafe,1.3608621306707689,3.5206515004972276,2.1598,,
900,k40-boot,22,0.1,True,0.91,0.7245,,1.3608621306707689,3.5206515004972276,2.1598,0.037233,False
900,k40-boot,23,0.05,False,,,failsafe,1.4430204990053621,4.127286191677825,2.6843,,
900,k40-boot,23,0.1,False,,,failsafe,1.4430204990053621,4.127286191677825,2.6843,,
900,k40-boot,24,0.05,False,,,failsafe,1.6931560275466937,4.449426358952863,2.7563,,
900,k40-boot,24,0.1,False,,,failsafe,1.6931560275466937,4.449426358952863,2.7563,,
900,k40-boot,25,0.05,False,,,failsafe,1.4282588056020842,3.1423932623989295,1.7141,,
900,k40-boot,25,0.1,True,0.85,0.7941,,1.4282588056020842,3.1423932623989295,1.7141,0.056937,False
900,k40-boot,26,0.05,False,,,failsafe,1.7816144829421086,5.231872324932341,3.4503,,
900,k40-boot,26,0.1,False,,,failsafe,1.7816144829421086,5.231872324932341,3.4503,,
900,k40-boot,27,0.05,False,,,failsafe,1.7306385563823514,4.176417060780167,2.4458,,
900,k40-boot,27,0.1,False,,,failsafe,1.7306385563823514,4.176417060780167,2.4458,,
900,k40-boot,28,0.05,False,,,failsafe,1.7106382023284243,4.244914373048832,2.5343,,
900,k40-boot,28,0.1,False,,,failsafe,1.7106382023284243,4.244914373048832,2.5343,,
900,k40-boot,29,0.05,False,,,failsafe,1.6664560063823128,4.793344348449584,3.1269,,
900,k40-boot,29,0.1,False,,,failsafe,1.6664560063823128,4.793344348449584,3.1269,,
900,k40-boot,30,0.05,False,,,failsafe,1.7043517562477326,4.536658304431876,2.8323,,
900,k40-boot,30,0.1,False,,,failsafe,1.7043517562477326,4.536658304431876,2.8323,,
900,k40-boot,31,0.05,False,,,failsafe,1.6715914001809344,5.50831176564371,3.8367,,
900,k40-boot,31,0.1,False,,,failsafe,1.6715914001809344,5.50831176564371,3.8367,,
900,k40-boot,32,0.05,False,,,failsafe,1.469119624495304,6.10574784781257,4.6366,,
900,k40-boot,32,0.1,False,,,failsafe,1.469119624495304,6.10574784781257,4.6366,,
900,k40-boot,33,0.05,False,,,failsafe,1.3910567806437848,3.405929817047802,2.0149,,
900,k40-boot,33,0.1,True,0.89,0.7581,,1.3910567806437848,3.405929817047802,2.0149,0.042302,False
900,k40-boot,34,0.05,False,,,failsafe,1.7016626132138033,3.76069758003853,2.059,,
900,k40-boot,34,0.1,True,0.93,0.6802,,1.7016626132138033,3.76069758003853,2.059,0.03332,False
900,k40-boot,35,0.05,False,,,failsafe,1.2976303809780687,4.462644802682812,3.165,,
900,k40-boot,35,0.1,False,,,failsafe,1.2976303809780687,4.462644802682812,3.165,,
900,k40-boot,36,0.05,False,,,failsafe,1.6623353560806655,4.223591745010659,2.5613,,
900,k40-boot,36,0.1,False,,,failsafe,1.6623353560806655,4.223591745010659,2.5613,,
900,k40-boot,37,0.05,False,,,failsafe,1.5526403797557837,3.2190224080879926,1.6664,,
900,k40-boot,37,0.1,True,0.87,0.7799,,1.5526403797557837,3.2190224080879926,1.6664,0.048373,False
900,k40-boot,38,0.05,False,,,failsafe,1.352665560616205,2.9304955585593246,1.5778,,
900,k40-boot,38,0.1,True,0.81,0.8356,,1.352665560616205,2.9304955585593246,1.5778,0.061941,False
900,k40-boot,39,0.05,False,,,failsafe,1.3833305526118957,3.602607324394383,2.2193,,
900,k40-boot,39,0.1,True,0.89,0.7431,,1.3833305526118957,3.602607324394383,2.2193,0.045083,False
900,k40-boot,40,0.05,False,,,failsafe,1.5879886675369228,4.0171093659974675,2.4291,,
900,k40-boot,40,0.1,True,0.95,0.6355,,1.5879886675369228,4.0171093659974675,2.4291,0.026511,False
900,k40-boot,41,0.05,False,,,failsafe,1.7695079110333585,3.727928084035369,1.9584,,
900,k40-boot,41,0.1,True,0.91,0.723,,1.7695079110333585,3.727928084035369,1.9584,0.037346,False
900,k40-boot,42,0.05,False,,,failsafe,1.588922313419659,4.334490213787907,2.7456,,
900,k40-boot,42,0.1,False,,,failsafe,1.588922313419659,4.334490213787907,2.7456,,
900,k40-boot,43,0.05,False,,,failsafe,1.843727122283072,5.027126891380182,3.1834,,
900,k40-boot,43,0.1,False,,,failsafe,1.843727122283072,5.027126891380182,3.1834,,
900,k40-boot,44,0.05,False,,,failsafe,1.6701392261663193,4.2271438281203695,2.557,,
900,k40-boot,44,0.1,False,,,failsafe,1.6701392261663193,4.2271438281203695,2.557,,
900,k40-boot,45,0.05,False,,,failsafe,2.046477571993304,4.601139768941234,2.5547,,
900,k40-boot,45,0.1,False,,,failsafe,2.046477571993304,4.601139768941234,2.5547,,
900,k40-boot,46,0.05,False,,,failsafe,1.7906263578516375,4.448493668363277,2.6579,,
900,k40-boot,46,0.1,False,,,failsafe,1.7906263578516375,4.448493668363277,2.6579,,
900,k40-boot,47,0.05,False,,,failsafe,1.772549950501873,4.474474394117575,2.7019,,
900,k40-boot,47,0.1,False,,,failsafe,1.772549950501873,4.474474394117575,2.7019,,
900,k40-boot,48,0.05,False,,,failsafe,1.7054977196463699,3.8881067706927053,2.1826,,
900,k40-boot,48,0.1,True,0.93,0.6891,,1.7054977196463699,3.8881067706927053,2.1826,0.032762,False
900,k40-boot,49,0.05,False,,,failsafe,1.6301709163564946,4.512229887036951,2.8821,,
900,k40-boot,49,0.1,False,,,failsafe,1.6301709163564946,4.512229887036951,2.8821,,
1200,single-site-cp,0,0.05,False,,,failsafe,0.019325717794125754,2.457869133290304,2.4385,,
1200,single-site-cp,0,0.1,True,0.73,0.883,,0.019325717794125754,2.457869133290304,2.4385,0.084376,False
1200,single-site-cp,1,0.05,False,,,failsafe,0.7455736360568299,6.1217711571805165,5.3762,,
1200,single-site-cp,1,0.1,False,,,failsafe,0.7455736360568299,6.1217711571805165,5.3762,,
1200,single-site-cp,2,0.05,False,,,bbse-misspecified,,,,,
1200,single-site-cp,2,0.1,False,,,bbse-misspecified,,,,,
1200,single-site-cp,3,0.05,False,,,bbse-misspecified,,,,,
1200,single-site-cp,3,0.1,False,,,bbse-misspecified,,,,,
1200,single-site-cp,4,0.05,False,,,failsafe,9.223138552612971,60.13231471939739,50.9092,,
1200,single-site-cp,4,0.1,False,,,failsafe,9.223138552612971,60.13231471939739,50.9092,,
1200,single-site-cp,5,0.05,False,,,failsafe,0.7386828273346606,4.3897887229538854,3.6511,,
1200,single-site-cp,5,0.1,True,0.93,0.6829,,0.7386828273346606,4.3897887229538854,3.6511,0.03362,False
1200,single-site-cp,6,0.05,False,,,failsafe,0.40038322942009996,2.9341764264169363,2.5338,,
1200,single-site-cp,6,0.1,True,0.79,0.8456,,0.40038322942009996,2.9341764264169363,2.5338,0.066731,False
1200,single-site-cp,7,0.05,False,,,failsafe,1.9482338148415523,7.019115705883134,5.0709,,
1200,single-site-cp,7,0.1,False,,,failsafe,1.9482338148415523,7.019115705883134,5.0709,,
1200,single-site-cp,8,0.05,False,,,failsafe,3.281560715515077,7.651207820349133,4.3696,,
1200,single-site-cp,8,0.1,False,,,failsafe,3.281560715515077,7.651207820349133,4.3696,,
1200,single-site-cp,9,0.05,False,,,failsafe,0.19743666477369792,14.767691462187578,14.5703,,
1200,single-site-cp,9,0.1,False,,,failsafe,0.19743666477369792,14.767691462187578,14.5703,,
1200,single-site-cp,10,0.05,False,,,failsafe,1.8947008346482062,7.514787170673971,5.6201,,
1200,single-site-cp,10,0.1,False,,,failsafe,1.8947008346482062,7.514787170673971,5.6201,,
1200,single-site-cp,11,0.05,False,,,failsafe,1.3990730970815521,6.008506945709808,4.6094,,
1200,single-site-cp,11,0.1,False,,,failsafe,1.3990730970815521,6.008506945709808,4.6094,,
1200,single-site-cp,12,0.05,False,,,failsafe,3.038941794261803,14.519216011663389,11.4803,,
1200,single-site-cp,12,0.1,False,,,failsafe,3.038941794261803,14.519216011663389,11.4803,,
1200,single-site-cp,13,0.05,False,,,failsafe,1.6556914280630315,7.359933320391978,5.7042,,
1200,single-site-cp,13,0.1,False,,,failsafe,1.6556914280630315,7.359933320391978,5.7042,,
1200,single-site-cp,14,0.05,False,,,failsafe,0.6550251993656113,6.9036980735941516,6.2487,,
1200,single-site-cp,14,0.1,False,,,failsafe,0.6550251993656113,6.9036980735941516,6.2487,,
1200,single-site-cp,15,0.05,False,,,bbse-misspecified,,,,,
1200,single-site-cp,15,0.1,False,,,bbse-misspecified,,,,,
1200,single-site-cp,16,0.05,False,,,failsafe,1.0841538134019741,3.8429127309010513,2.7588,,
1200,single-site-cp,16,0.1,True,0.89,0.7542,,1.0841538134019741,3.8429127309010513,2.7588,0.042082,False
1200,single-site-cp,17,0.05,False,,,failsafe,1.0611486563359995,3.7657691402392506,2.7046,,
1200,single-site-cp,17,0.1,True,0.89,0.7449,,1.0611486563359995,3.7657691402392506,2.7046,0.044921,False
1200,single-site-cp,18,0.05,False,,,failsafe,0.5694292642589777,4.278317331118638,3.7089,,
1200,single-site-cp,18,0.1,True,0.91,0.7206,,0.5694292642589777,4.278317331118638,3.7089,0.038147,False
1200,single-site-cp,19,0.05,False,,,failsafe,2.4202042751244814,4.625541094868274,2.2053,,
1200,single-site-cp,19,0.1,True,0.95,0.6388,,2.4202042751244814,4.625541094868274,2.2053,0.027627,False
1200,single-site-cp,20,0.05,False,,,failsafe,1.2290360746588957,7.33124832858777,6.1022,,
1200,single-site-cp,20,0.1,False,,,failsafe,1.2290360746588957,7.33124832858777,6.1022,,
1200,single-site-cp,21,0.05,False,,,failsafe,1.5896842551531174,4.856033669563112,3.2663,,
1200,single-site-cp,21,0.1,True,0.95,0.6319,,1.5896842551531174,4.856033669563112,3.2663,0.029004,False
1200,single-site-cp,22,0.05,False,,,failsafe,0.362177731357496,6.922517503430183,6.5603,,
1200,single-site-cp,22,0.1,False,,,failsafe,0.362177731357496,6.922517503430183,6.5603,,
1200,single-site-cp,23,0.05,False,,,failsafe,1.8054068226449722,11.650133260665415,9.8447,,
1200,single-site-cp,23,0.1,False,,,failsafe,1.8054068226449722,11.650133260665415,9.8447,,
1200,single-site-cp,24,0.05,False,,,failsafe,1.1600969235962881,7.489681721991426,6.3296,,
1200,single-site-cp,24,0.1,False,,,failsafe,1.1600969235962881,7.489681721991426,6.3296,,
1200,single-site-cp,25,0.05,False,,,failsafe,0.9137310937267292,6.381358592536368,5.4676,,
1200,single-site-cp,25,0.1,False,,,failsafe,0.9137310937267292,6.381358592536368,5.4676,,
1200,single-site-cp,26,0.05,False,,,failsafe,1.3454907030227468,2.8831066287013267,1.5376,,
1200,single-site-cp,26,0.1,True,0.79,0.8329,,1.3454907030227468,2.8831066287013267,1.5376,0.07095,False
1200,single-site-cp,27,0.05,False,,,failsafe,0.45733027867188775,6.410372815008279,5.953,,
1200,single-site-cp,27,0.1,False,,,failsafe,0.45733027867188775,6.410372815008279,5.953,,
1200,single-site-cp,28,0.05,False,,,failsafe,1.6539681912981954,5.255946564742266,3.602,,
1200,single-site-cp,28,0.1,False,,,failsafe,1.6539681912981954,5.255946564742266,3.602,,
1200,single-site-cp,29,0.05,True,0.83,0.8144,,0.21665238800988526,1.3387888360988078,1.1221,0.058005,True
1200,single-site-cp,29,0.1,True,0.55,0.9768,,0.21665238800988526,1.3387888360988078,1.1221,0.106762,True
1200,single-site-cp,30,0.05,False,,,failsafe,1.8295123328321115,3.487222787161903,1.6577,,
1200,single-site-cp,30,0.1,True,0.87,0.7756,,1.8295123328321115,3.487222787161903,1.6577,0.050684,False
1200,single-site-cp,31,0.05,False,,,failsafe,2.1648585779859126,4.369636384741317,2.2048,,
1200,single-site-cp,31,0.1,True,0.93,0.6856,,2.1648585779859126,4.369636384741317,2.2048,0.03296,False
1200,single-site-cp,32,0.05,False,,,failsafe,1.6467574551053548,3.6277250354687767,1.981,,
1200,single-site-cp,32,0.1,True,0.87,0.7789,,1.6467574551053548,3.6277250354687767,1.981,0.051275,False
1200,single-site-cp,33,0.05,False,,,failsafe,0.34269055673991,3.347153461102182,3.0045,,
1200,single-site-cp,33,0.1,True,0.85,0.7964,,0.34269055673991,3.347153461102182,3.0045,0.053388,False
1200,single-site-cp,34,0.05,False,,,failsafe,3.106384581991261,12.90800933305162,9.8016,,
1200,single-site-cp,34,0.1,False,,,failsafe,3.106384581991261,12.90800933305162,9.8016,,
1200,single-site-cp,35,0.05,True,0.95,0.6327,,0.8206521477917637,2.180591524748063,1.3599,0.024464,False
1200,single-site-cp,35,0.1,True,0.65,0.9288,,0.8206521477917637,2.180591524748063,1.3599,0.088448,False
1200,single-site-cp,36,0.05,False,,,failsafe,2.267859482911217,6.48010140667896,4.2122,,
1200,single-site-cp,36,0.1,False,,,failsafe,2.267859482911217,6.48010140667896,4.2122,,
1200,single-site-cp,37,0.05,False,,,failsafe,1.0388235521560207,3.5688085286459157,2.53,,
1200,single-site-cp,37,0.1,True,0.87,0.7705,,1.0388235521560207,3.5688085286459157,2.53,0.050542,False
1200,single-site-cp,38,0.05,False,,,failsafe,0.4589039631128267,5.324499243323502,4.8656,,
1200,single-site-cp,38,0.1,False,,,failsafe,0.4589039631128267,5.324499243323502,4.8656,,
1200,single-site-cp,39,0.05,False,,,failsafe,1.4049127775956383,7.153144423388975,5.7482,,
1200,single-site-cp,39,0.1,False,,,failsafe,1.4049127775956383,7.153144423388975,5.7482,,
1200,single-site-cp,40,0.05,False,,,failsafe,1.5911491812376208,11.457209004232693,9.8661,,
1200,single-site-cp,40,0.1,False,,,failsafe,1.5911491812376208,11.457209004232693,9.8661,,
1200,single-site-cp,41,0.05,False,,,failsafe,2.3819229115455847,5.232079673114165,2.8502,,
1200,single-site-cp,41,0.1,False,,,failsafe,2.3819229115455847,5.232079673114165,2.8502,,
1200,single-site-cp,42,0.05,False,,,failsafe,1.640808358170522,5.55711928967998,3.9163,,
1200,single-site-cp,42,0.1,False,,,failsafe,1.640808358170522,5.55711928967998,3.9163,,
1200,single-site-cp,43,0.05,False,,,failsafe,0.704363626306843,10.787361774149003,10.083,,
1200,single-site-cp,43,0.1,False,,,failsafe,0.704363626306843,10.787361774149003,10.083,,
1200,single-site-cp,44,0.05,False,,,failsafe,0.7786391013861799,3.1881406916937025,2.4095,,
1200,single-site-cp,44,0.1,True,0.83,0.8143,,0.7786391013861799,3.1881406916937025,2.4095,0.058687,False
1200,single-site-cp,45,0.05,False,,,failsafe,1.105711646600349,3.809843890412053,2.7041,,
1200,single-site-cp,45,0.1,True,0.87,0.7689,,1.105711646600349,3.809843890412053,2.7041,0.052592,False
1200,single-site-cp,46,0.05,False,,,failsafe,1.1740887480075861,4.742446692672801,3.5684,,
1200,single-site-cp,46,0.1,True,0.95,0.6322,,1.1740887480075861,4.742446692672801,3.5684,0.025024,False
1200,single-site-cp,47,0.05,False,,,failsafe,2.4907578413116553,9.862091707844284,7.3713,,
1200,single-site-cp,47,0.1,False,,,failsafe,2.4907578413116553,9.862091707844284,7.3713,,
1200,single-site-cp,48,0.05,True,0.89,0.7454,,0.2916472229074152,1.6540254130177414,1.3624,0.044437,False
1200,single-site-cp,48,0.1,True,0.55,0.9757,,0.2916472229074152,1.6540254130177414,1.3624,0.108856,True
1200,single-site-cp,49,0.05,False,,,failsafe,2.2562751027561583,9.566441891009324,7.3102,,
1200,single-site-cp,49,0.1,False,,,failsafe,2.2562751027561583,9.566441891009324,7.3102,,
1200,k40-boot,0,0.05,False,,,failsafe,1.3977439644363632,4.671464049099914,3.2737,,
1200,k40-boot,0,0.1,True,0.93,0.6867,,1.3977439644363632,4.671464049099914,3.2737,0.035004,False
1200,k40-boot,1,0.05,False,,,failsafe,1.5646579212430876,3.8938837236359154,2.3292,,
1200,k40-boot,1,0.1,True,0.89,0.7476,,1.5646579212430876,3.8938837236359154,2.3292,0.045776,False
1200,k40-boot,2,0.05,False,,,failsafe,1.8426028481977068,5.551777835811658,3.7092,,
1200,k40-boot,2,0.1,False,,,failsafe,1.8426028481977068,5.551777835811658,3.7092,,
1200,k40-boot,3,0.05,False,,,failsafe,1.5975386156242346,4.117622918436451,2.5201,,
1200,k40-boot,3,0.1,True,0.91,0.7142,,1.5975386156242346,4.117622918436451,2.5201,0.039437,False
1200,k40-boot,4,0.05,False,,,failsafe,1.7865022854339674,3.9577242473518246,2.1712,,
1200,k40-boot,4,0.1,True,0.91,0.716,,1.7865022854339674,3.9577242473518246,2.1712,0.038892,False
1200,k40-boot,5,0.05,False,,,failsafe,1.4800561595870274,4.466168165410552,2.9861,,
1200,k40-boot,5,0.1,True,0.93,0.6846,,1.4800561595870274,4.466168165410552,2.9861,0.030103,False
1200,k40-boot,6,0.05,False,,,failsafe,1.7308246936320446,4.138276707438543,2.4075,,
1200,k40-boot,6,0.1,True,0.91,0.7241,,1.7308246936320446,4.138276707438543,2.4075,0.044668,False
1200,k40-boot,7,0.05,False,,,failsafe,1.6314504535769607,3.76134975299202,2.1299,,
1200,k40-boot,7,0.1,True,0.89,0.7445,,1.6314504535769607,3.76134975299202,2.1299,0.044314,False
1200,k40-boot,8,0.05,False,,,failsafe,1.446113120945483,3.4054752586962405,1.9594,,
1200,k40-boot,8,0.1,True,0.87,0.7731,,1.446113120945483,3.4054752586962405,1.9594,0.053698,False
1200,k40-boot,9,0.05,False,,,failsafe,1.7579841336322268,4.2982753305891395,2.5403,,
1200,k40-boot,9,0.1,True,0.91,0.7151,,1.7579841336322268,4.2982753305891395,2.5403,0.038786,False
1200,k40-boot,10,0.05,False,,,failsafe,1.4036987799643172,3.0258354325801484,1.6221,,
1200,k40-boot,10,0.1,True,0.81,0.8334,,1.4036987799643172,3.0258354325801484,1.6221,0.062312,False
1200,k40-boot,11,0.05,False,,,failsafe,2.0563055318591497,5.78527870641274,3.729,,
1200,k40-boot,11,0.1,False,,,failsafe,2.0563055318591497,5.78527870641274,3.729,,
1200,k40-boot,12,0.05,False,,,failsafe,1.2455306613521302,3.3114942699343763,2.066,,
1200,k40-boot,12,0.1,True,0.83,0.8178,,1.2455306613521302,3.3114942699343763,2.066,0.059189,False
1200,k40-boot,13,0.05,False,,,failsafe,1.3042092091365518,3.3374453078134696,2.0332,,
1200,k40-boot,13,0.1,True,0.83,0.8123,,1.3042092091365518,3.3374453078134696,2.0332,0.056306,False
1200,k40-boot,14,0.05,False,,,failsafe,1.3077095553205718,3.747747761877943,2.44,,
1200,k40-boot,14,0.1,True,0.89,0.7433,,1.3077095553205718,3.747747761877943,2.44,0.049353,False
1200,k40-boot,15,0.05,False,,,failsafe,1.6606413289406319,3.649404893533924,1.9888,,
1200,k40-boot,15,0.1,True,0.87,0.7741,,1.6606413289406319,3.649404893533924,1.9888,0.051301,False
1200,k40-boot,16,0.05,False,,,failsafe,1.239877413778037,3.276602193053801,2.0367,,
1200,k40-boot,16,0.1,True,0.83,0.8231,,1.239877413778037,3.276602193053801,2.0367,0.05817,False
1200,k40-boot,17,0.05,False,,,failsafe,1.4473539788054781,3.917798963596285,2.4704,,
1200,k40-boot,17,0.1,True,0.89,0.7589,,1.4473539788054781,3.917798963596285,2.4704,0.047542,False
1200,k40-boot,18,0.05,False,,,failsafe,1.527708630977445,3.0776588662616113,1.55,,
1200,k40-boot,18,0.1,True,0.81,0.8306,,1.527708630977445,3.0776588662616113,1.55,0.062288,False
1200,k40-boot,19,0.05,False,,,failsafe,1.6056196899614024,4.091321456879341,2.4857,,
1200,k40-boot,19,0.1,True,0.91,0.723,,1.6056196899614024,4.091321456879341,2.4857,0.038768,False
1200,k40-boot,20,0.05,False,,,failsafe,1.570565701800358,3.6627479026410383,2.0922,,
1200,k40-boot,20,0.1,True,0.87,0.7741,,1.570565701800358,3.6627479026410383,2.0922,0.048186,False
1200,k40-boot,21,0.05,False,,,failsafe,1.6281704086758069,3.4925553722197877,1.8644,,
1200,k40-boot,21,0.1,True,0.85,0.7959,,1.6281704086758069,3.4925553722197877,1.8644,0.055691,False
1200,k40-boot,22,0.05,False,,,failsafe,1.589620577926024,3.7416623726217186,2.152,,
1200,k40-boot,22,0.1,True,0.89,0.7563,,1.589620577926024,3.7416623726217186,2.152,0.043181,False
1200,k40-boot,23,0.05,False,,,failsafe,1.8614839786888406,3.665714403969149,1.8042,,
1200,k40-boot,23,0.1,True,0.89,0.7541,,1.8614839786888406,3.665714403969149,1.8042,0.042586,False
1200,k40-boot,24,0.05,False,,,failsafe,1.5114896047850699,3.676230470285038,2.1647,,
1200,k40-boot,24,0.1,True,0.87,0.7727,,1.5114896047850699,3.676230470285038,2.1647,0.049613,False
1200,k40-boot,25,0.05,False,,,failsafe,1.7060459129607835,4.043619926519675,2.3376,,
1200,k40-boot,25,0.1,True,0.91,0.7226,,1.7060459129607835,4.043619926519675,2.3376,0.038531,False
1200,k40-boot,26,0.05,False,,,failsafe,1.516294672323679,4.170866307260548,2.6546,,
1200,k40-boot,26,0.1,True,0.93,0.6877,,1.516294672323679,4.170866307260548,2.6546,0.033608,False
1200,k40-boot,27,0.05,False,,,failsafe,1.9712193625439824,3.9001390747655567,1.9289,,
1200,k40-boot,27,0.1,True,0.89,0.7459,,1.9712193625439824,3.9001390747655567,1.9289,0.044216,False
1200,k40-boot,28,0.05,False,,,failsafe,1.775055280433554,6.043113928419513,4.2681,,
1200,k40-boot,28,0.1,False,,,failsafe,1.775055280433554,6.043113928419513,4.2681,,
1200,k40-boot,29,0.05,False,,,failsafe,1.299215428789366,3.0941118529312712,1.7949,,
1200,k40-boot,29,0.1,True,0.79,0.8427,,1.299215428789366,3.0941118529312712,1.7949,0.063173,False
1200,k40-boot,30,0.05,False,,,failsafe,1.8536040963002012,3.7701742581964295,1.9166,,
1200,k40-boot,30,0.1,True,0.89,0.7539,,1.8536040963002012,3.7701742581964295,1.9166,0.044331,False
1200,k40-boot,31,0.05,False,,,failsafe,1.6198004139855733,4.725683518475295,3.1059,,
1200,k40-boot,31,0.1,True,0.95,0.6354,,1.6198004139855733,4.725683518475295,3.1059,0.027449,False
1200,k40-boot,32,0.05,False,,,failsafe,1.489443257720815,3.755078382337749,2.2656,,
1200,k40-boot,32,0.1,True,0.89,0.7459,,1.489443257720815,3.755078382337749,2.2656,0.046827,False
1200,k40-boot,33,0.05,False,,,failsafe,1.8045163160356517,3.765185577693539,1.9607,,
1200,k40-boot,33,0.1,True,0.89,0.7485,,1.8045163160356517,3.765185577693539,1.9607,0.046282,False
1200,k40-boot,34,0.05,False,,,failsafe,1.579017531510275,3.521067056238827,1.942,,
1200,k40-boot,34,0.1,True,0.87,0.7746,,1.579017531510275,3.521067056238827,1.942,0.052827,False
1200,k40-boot,35,0.05,False,,,failsafe,1.7524445994814573,4.228398816997708,2.476,,
1200,k40-boot,35,0.1,True,0.93,0.6922,,1.7524445994814573,4.228398816997708,2.476,0.031939,False
1200,k40-boot,36,0.05,False,,,failsafe,1.5837284310432849,3.503308730570687,1.9196,,
1200,k40-boot,36,0.1,True,0.85,0.7867,,1.5837284310432849,3.503308730570687,1.9196,0.057507,False
1200,k40-boot,37,0.05,False,,,failsafe,1.655172786292459,3.9319494008173774,2.2768,,
1200,k40-boot,37,0.1,True,0.91,0.721,,1.655172786292459,3.9319494008173774,2.2768,0.040139,False
1200,k40-boot,38,0.05,False,,,failsafe,1.3266386717444065,3.4133462941528174,2.0867,,
1200,k40-boot,38,0.1,True,0.83,0.8046,,1.3266386717444065,3.4133462941528174,2.0867,0.058697,False
1200,k40-boot,39,0.05,False,,,failsafe,2.042863828653708,4.698182653779392,2.6553,,
1200,k40-boot,39,0.1,True,0.93,0.6978,,2.042863828653708,4.698182653779392,2.6553,0.03478,False
1200,k40-boot,40,0.05,False,,,failsafe,1.8344413129583508,3.7833832447556768,1.9489,,
1200,k40-boot,40,0.1,True,0.89,0.744,,1.8344413129583508,3.7833832447556768,1.9489,0.047181,False
1200,k40-boot,41,0.05,False,,,failsafe,1.72500941473865,4.205486763960635,2.4805,,
1200,k40-boot,41,0.1,True,0.91,0.7227,,1.72500941473865,4.205486763960635,2.4805,0.041612,False
1200,k40-boot,42,0.05,False,,,failsafe,1.7166287384023573,4.206002508544182,2.4894,,
1200,k40-boot,42,0.1,True,0.91,0.7118,,1.7166287384023573,4.206002508544182,2.4894,0.041417,False
1200,k40-boot,43,0.05,False,,,failsafe,1.6809709290724024,3.5171502004647106,1.8362,,
1200,k40-boot,43,0.1,True,0.85,0.7819,,1.6809709290724024,3.5171502004647106,1.8362,0.057964,False
1200,k40-boot,44,0.05,False,,,failsafe,1.3442758790520897,3.312550635415459,1.9683,,
1200,k40-boot,44,0.1,True,0.85,0.7886,,1.3442758790520897,3.312550635415459,1.9683,0.056738,False
1200,k40-boot,45,0.05,False,,,failsafe,1.5885533279686672,3.5993523839971817,2.0108,,
1200,k40-boot,45,0.1,True,0.87,0.7791,,1.5885533279686672,3.5993523839971817,2.0108,0.04679,False
1200,k40-boot,46,0.05,False,,,failsafe,1.4326301609140195,3.7825472948843677,2.3499,,
1200,k40-boot,46,0.1,True,0.89,0.7616,,1.4326301609140195,3.7825472948843677,2.3499,0.043544,False
1200,k40-boot,47,0.05,False,,,failsafe,1.6707047705240032,4.190157797377845,2.5195,,
1200,k40-boot,47,0.1,True,0.91,0.7169,,1.6707047705240032,4.190157797377845,2.5195,0.040354,False
1200,k40-boot,48,0.05,False,,,failsafe,1.4999959891528298,4.0655975847106935,2.5656,,
1200,k40-boot,48,0.1,True,0.89,0.7434,,1.4999959891528298,4.0655975847106935,2.5656,0.045136,False
1200,k40-boot,49,0.05,False,,,failsafe,1.687823245664945,4.267785439777821,2.58,,
1200,k40-boot,49,0.1,True,0.93,0.6957,,1.687823245664945,4.267785439777821,2.58,0.033647,False
