n_sites,draw,fnr_budget,certified,tau,coverage,fnr_fresh,fnr_exceed,true_fnr_at_lowest_tau
208,0,0.4,False,,,,,0.456997
208,0,0.5,False,,,,,0.456997
208,0,0.55,False,,,,,0.456997
208,0,0.6,False,,,,,0.456997
208,1,0.4,False,,,,,0.456922
208,1,0.5,False,,,,,0.456922
208,1,0.55,False,,,,,0.456922
208,1,0.6,False,,,,,0.456922
208,2,0.4,False,,,,,0.436699
208,2,0.5,False,,,,,0.436699
208,2,0.55,False,,,,,0.436699
208,2,0.6,False,,,,,0.436699
208,3,0.4,False,,,,,0.451895
208,3,0.5,False,,,,,0.451895
208,3,0.55,False,,,,,0.451895
208,3,0.6,False,,,,,0.451895
208,4,0.4,False,,,,,0.453797
208,4,0.5,False,,,,,0.453797
208,4,0.55,False,,,,,0.453797
208,4,0.6,False,,,,,0.453797
208,5,0.4,False,,,,,0.447979
208,5,0.5,False,,,,,0.447979
208,5,0.55,False,,,,,0.447979
208,5,0.6,False,,,,,0.447979
208,6,0.4,False,,,,,0.460343
208,6,0.5,False,,,,,0.460343
208,6,0.55,False,,,,,0.460343
208,6,0.6,False,,,,,0.460343
208,7,0.4,False,,,,,0.447113
208,7,0.5,False,,,,,0.447113
208,7,0.55,False,,,,,0.447113
208,7,0.6,False,,,,,0.447113
208,8,0.4,False,,,,,0.474406
208,8,0.5,False,,,,,0.474406
208,8,0.55,False,,,,,0.474406
208,8,0.6,False,,,,,0.474406
208,9,0.4,False,,,,,0.455971
208,9,0.5,False,,,,,0.455971
208,9,0.55,False,,,,,0.455971
208,9,0.6,False,,,,,0.455971
208,10,0.4,False,,,,,0.407441
208,10,0.5,False,,,,,0.407441
208,10,0.55,False,,,,,0.407441
208,10,0.6,True,0.55,0.984,0.407441,False,0.407441
208,11,0.4,False,,,,,0.407835
208,11,0.5,False,,,,,0.407835
208,11,0.55,False,,,,,0.407835
208,11,0.6,True,0.55,0.9834,0.407835,False,0.407835
208,12,0.4,False,,,,,0.457623
208,12,0.5,False,,,,,0.457623
208,12,0.55,False,,,,,0.457623
208,12,0.6,False,,,,,0.457623
208,13,0.4,False,,,,,0.464094
208,13,0.5,False,,,,,0.464094
208,13,0.55,False,,,,,0.464094
208,13,0.6,False,,,,,0.464094
208,14,0.4,False,,,,,0.454075
208,14,0.5,False,,,,,0.454075
208,14,0.55,False,,,,,0.454075
208,14,0.6,False,,,,,0.454075
208,15,0.4,False,,,,,0.471008
208,15,0.5,False,,,,,0.471008
208,15,0.55,False,,,,,0.471008
208,15,0.6,False,,,,,0.471008
208,16,0.4,False,,,,,0.432131
208,16,0.5,False,,,,,0.432131
208,16,0.55,False,,,,,0.432131
208,16,0.6,False,,,,,0.432131
208,17,0.4,False,,,,,0.433752
208,17,0.5,False,,,,,0.433752
208,17,0.55,False,,,,,0.433752
208,17,0.6,False,,,,,0.433752
208,18,0.4,False,,,,,0.449782
208,18,0.5,False,,,,,0.449782
208,18,0.55,False,,,,,0.449782
208,18,0.6,False,,,,,0.449782
208,19,0.4,False,,,,,0.450484
208,19,0.5,False,,,,,0.450484
208,19,0.55,False,,,,,0.450484
208,19,0.6,False,,,,,0.450484
208,20,0.4,False,,,,,0.447738
208,20,0.5,False,,,,,0.447738
208,20,0.55,False,,,,,0.447738
208,20,0.6,False,,,,,0.447738
208,21,0.4,False,,,,,0.468606
208,21,0.5,False,,,,,0.468606
208,21,0.55,False,,,,,0.468606
208,21,0.6,False,,,,,0.468606
208,22,0.4,False,,,,,0.464121
208,22,0.5,False,,,,,0.464121
208,22,0.55,False,,,,,0.464121
208,22,0.6,False,,,,,0.464121
208,23,0.4,False,,,,,0.433607
208,23,0.5,False,,,,,0.433607
208,23,0.55,False,,,,,0.433607
208,23,0.6,False,,,,,0.433607
208,24,0.4,False,,,,,0.456355
208,24,0.5,False,,,,,0.456355
208,24,0.55,False,,,,,0.456355
208,24,0.6,False,,,,,0.456355
208,25,0.4,False,,,,,0.439344
208,25,0.5,False,,,,,0.439344
208,25,0.55,False,,,,,0.439344
208,25,0.6,False,,,,,0.439344
208,26,0.4,False,,,,,0.44153
208,26,0.5,False,,,,,0.44153
208,26,0.55,False,,,,,0.44153
208,26,0.6,False,,,,,0.44153
208,27,0.4,False,,,,,0.427787
208,27,0.5,False,,,,,0.427787
208,27,0.55,False,,,,,0.427787
208,27,0.6,False,,,,,0.427787
208,28,0.4,False,,,,,0.436692
208,28,0.5,False,,,,,0.436692
208,28,0.55,False,,,,,0.436692
208,28,0.6,False,,,,,0.436692
208,29,0.4,False,,,,,0.449694
208,29,0.5,False,,,,,0.449694
208,29,0.55,False,,,,,0.449694
208,29,0.6,False,,,,,0.449694
208,30,0.4,False,,,,,0.47294
208,30,0.5,False,,,,,0.47294
208,30,0.55,False,,,,,0.47294
208,30,0.6,False,,,,,0.47294
208,31,0.4,False,,,,,0.475144
208,31,0.5,False,,,,,0.475144
208,31,0.55,False,,,,,0.475144
208,31,0.6,False,,,,,0.475144
208,32,0.4,False,,,,,0.45067
208,32,0.5,False,,,,,0.45067
208,32,0.55,False,,,,,0.45067
208,32,0.6,True,0.55,0.9847,0.45067,False,0.45067
208,33,0.4,False,,,,,0.435544
208,33,0.5,False,,,,,0.435544
208,33,0.55,False,,,,,0.435544
208,33,0.6,False,,,,,0.435544
208,34,0.4,False,,,,,0.470908
208,34,0.5,False,,,,,0.470908
208,34,0.55,False,,,,,0.470908
208,34,0.6,False,,,,,0.470908
208,35,0.4,False,,,,,0.455149
208,35,0.5,False,,,,,0.455149
208,35,0.55,False,,,,,0.455149
208,35,0.6,False,,,,,0.455149
208,36,0.4,False,,,,,0.423888
208,36,0.5,False,,,,,0.423888
208,36,0.55,False,,,,,0.423888
208,36,0.6,False,,,,,0.423888
208,37,0.4,False,,,,,0.447713
208,37,0.5,False,,,,,0.447713
208,37,0.55,False,,,,,0.447713
208,37,0.6,False,,,,,0.447713
208,38,0.4,False,,,,,0.47016
208,38,0.5,False,,,,,0.47016
208,38,0.55,False,,,,,0.47016
208,38,0.6,False,,,,,0.47016
208,39,0.4,False,,,,,0.442568
208,39,0.5,False,,,,,0.442568
208,39,0.55,False,,,,,0.442568
208,39,0.6,False,,,,,0.442568
208,40,0.4,False,,,,,0.463861
208,40,0.5,False,,,,,0.463861
208,40,0.55,False,,,,,0.463861
208,40,0.6,False,,,,,0.463861
208,41,0.4,False,,,,,0.458371
208,41,0.5,False,,,,,0.458371
208,41,0.55,False,,,,,0.458371
208,41,0.6,False,,,,,0.458371
208,42,0.4,False,,,,,0.447092
208,42,0.5,False,,,,,0.447092
208,42,0.55,False,,,,,0.447092
208,42,0.6,False,,,,,0.447092
208,43,0.4,False,,,,,0.424707
208,43,0.5,False,,,,,0.424707
208,43,0.55,False,,,,,0.424707
208,43,0.6,False,,,,,0.424707
208,44,0.4,False,,,,,0.438078
208,44,0.5,False,,,,,0.438078
208,44,0.55,False,,,,,0.438078
208,44,0.6,False,,,,,0.438078
208,45,0.4,False,,,,,0.42662
208,45,0.5,False,,,,,0.42662
208,45,0.55,False,,,,,0.42662
208,45,0.6,False,,,,,0.42662
208,46,0.4,False,,,,,0.488215
208,46,0.5,False,,,,,0.488215
208,46,0.55,False,,,,,0.488215
208,46,0.6,False,,,,,0.488215
208,47,0.4,False,,,,,0.440656
208,47,0.5,False,,,,,0.440656
208,47,0.55,False,,,,,0.440656
208,47,0.6,False,,,,,0.440656
208,48,0.4,False,,,,,0.429086
208,48,0.5,False,,,,,0.429086
208,48,0.55,False,,,,,0.429086
208,48,0.6,False,,,,,0.429086
208,49,0.4,False,,,,,0.446345
208,49,0.5,False,,,,,0.446345
208,49,0.55,False,,,,,0.446345
208,49,0.6,False,,,,,0.446345
208,50,0.4,False,,,,,0.461438
208,50,0.5,False,,,,,0.461438
208,50,0.55,False,,,,,0.461438
208,50,0.6,False,,,,,0.461438
208,51,0.4,False,,,,,0.468428
208,51,0.5,False,,,,,0.468428
208,51,0.55,False,,,,,0.468428
208,51,0.6,False,,,,,0.468428
208,52,0.4,False,,,,,0.46595
208,52,0.5,False,,,,,0.46595
208,52,0.55,False,,,,,0.46595
208,52,0.6,False,,,,,0.46595
208,53,0.4,False,,,,,0.448109
208,53,0.5,False,,,,,0.448109
208,53,0.55,False,,,,,0.448109
208,53,0.6,False,,,,,0.448109
208,54,0.4,False,,,,,0.464316
208,54,0.5,False,,,,,0.464316
208,54,0.55,False,,,,,0.464316
208,54,0.6,False,,,,,0.464316
208,55,0.4,False,,,,,0.449786
208,55,0.5,False,,,,,0.449786
208,55,0.55,False,,,,,0.449786
208,55,0.6,False,,,,,0.449786
208,56,0.4,False,,,,,0.457064
208,56,0.5,False,,,,,0.457064
208,56,0.55,False,,,,,0.457064
208,56,0.6,False,,,,,0.457064
208,57,0.4,False,,,,,0.447796
208,57,0.5,False,,,,,0.447796
208,57,0.55,False,,,,,0.447796
208,57,0.6,False,,,,,0.447796
208,58,0.4,False,,,,,0.446614
208,58,0.5,False,,,,,0.446614
208,58,0.55,False,,,,,0.446614
208,58,0.6,False,,,,,0.446614
208,59,0.4,False,,,,,0.452115
208,59,0.5,False,,,,,0.452115
208,59,0.55,False,,,,,0.452115
208,59,0.6,False,,,,,0.452115
208,60,0.4,False,,,,,0.454693
208,60,0.5,False,,,,,0.454693
208,60,0.55,False,,,,,0.454693
208,60,0.6,False,,,,,0.454693
208,61,0.4,False,,,,,0.44907
208,61,0.5,False,,,,,0.44907
208,61,0.55,False,,,,,0.44907
208,61,0.6,False,,,,,0.44907
208,62,0.4,False,,,,,0.438066
208,62,0.5,False,,,,,0.438066
208,62,0.55,False,,,,,0.438066
208,62,0.6,False,,,,,0.438066
208,63,0.4,False,,,,,0.474231
208,63,0.5,False,,,,,0.474231
208,63,0.55,False,,,,,0.474231
208,63,0.6,False,,,,,0.474231
208,64,0.4,False,,,,,0.471806
208,64,0.5,False,,,,,0.471806
208,64,0.55,False,,,,,0.471806
208,64,0.6,False,,,,,0.471806
208,65,0.4,False,,,,,0.451907
208,65,0.5,False,,,,,0.451907
208,65,0.55,False,,,,,0.451907
208,65,0.6,False,,,,,0.451907
208,66,0.4,False,,,,,0.402791
208,66,0.5,False,,,,,0.402791
208,66,0.55,False,,,,,0.402791
208,66,0.6,True,0.55,0.9831,0.402791,False,0.402791
208,67,0.4,False,,,,,0.476693
208,67,0.5,False,,,,,0.476693
208,67,0.55,False,,,,,0.476693
208,67,0.6,False,,,,,0.476693
208,68,0.4,False,,,,,0.463637
208,68,0.5,False,,,,,0.463637
208,68,0.55,False,,,,,0.463637
208,68,0.6,False,,,,,0.463637
208,69,0.4,False,,,,,0.458306
208,69,0.5,False,,,,,0.458306
208,69,0.55,False,,,,,0.458306
208,69,0.6,False,,,,,0.458306
208,70,0.4,False,,,,,0.45786
208,70,0.5,False,,,,,0.45786
208,70,0.55,False,,,,,0.45786
208,70,0.6,False,,,,,0.45786
208,71,0.4,False,,,,,0.417848
208,71,0.5,False,,,,,0.417848
208,71,0.55,False,,,,,0.417848
208,71,0.6,True,0.55,0.9843,0.417848,False,0.417848
208,72,0.4,False,,,,,0.464166
208,72,0.5,False,,,,,0.464166
208,72,0.55,False,,,,,0.464166
208,72,0.6,False,,,,,0.464166
208,73,0.4,False,,,,,0.433232
208,73,0.5,False,,,,,0.433232
208,73,0.55,False,,,,,0.433232
208,73,0.6,False,,,,,0.433232
208,74,0.4,False,,,,,0.446677
208,74,0.5,False,,,,,0.446677
208,74,0.55,False,,,,,0.446677
208,74,0.6,False,,,,,0.446677
208,75,0.4,False,,,,,0.469719
208,75,0.5,False,,,,,0.469719
208,75,0.55,False,,,,,0.469719
208,75,0.6,False,,,,,0.469719
208,76,0.4,False,,,,,0.4469
208,76,0.5,False,,,,,0.4469
208,76,0.55,False,,,,,0.4469
208,76,0.6,False,,,,,0.4469
208,77,0.4,False,,,,,0.438016
208,77,0.5,False,,,,,0.438016
208,77,0.55,False,,,,,0.438016
208,77,0.6,False,,,,,0.438016
208,78,0.4,False,,,,,0.460333
208,78,0.5,False,,,,,0.460333
208,78,0.55,False,,,,,0.460333
208,78,0.6,False,,,,,0.460333
208,79,0.4,False,,,,,0.45294
208,79,0.5,False,,,,,0.45294
208,79,0.55,False,,,,,0.45294
208,79,0.6,False,,,,,0.45294
208,80,0.4,False,,,,,0.460961
208,80,0.5,False,,,,,0.460961
208,80,0.55,False,,,,,0.460961
208,80,0.6,False,,,,,0.460961
208,81,0.4,False,,,,,0.435511
208,81,0.5,False,,,,,0.435511
208,81,0.55,False,,,,,0.435511
208,81,0.6,False,,,,,0.435511
208,82,0.4,False,,,,,0.45
208,82,0.5,False,,,,,0.45
208,82,0.55,False,,,,,0.45
208,82,0.6,False,,,,,0.45
208,83,0.4,False,,,,,0.423713
208,83,0.5,False,,,,,0.423713
208,83,0.55,False,,,,,0.423713
208,83,0.6,True,0.55,0.9843,0.423713,False,0.423713
208,84,0.4,False,,,,,0.46221
208,84,0.5,False,,,,,0.46221
208,84,0.55,False,,,,,0.46221
208,84,0.6,False,,,,,0.46221
208,85,0.4,False,,,,,0.438397
208,85,0.5,False,,,,,0.438397
208,85,0.55,False,,,,,0.438397
208,85,0.6,False,,,,,0.438397
208,86,0.4,False,,,,,0.441261
208,86,0.5,False,,,,,0.441261
208,86,0.55,False,,,,,0.441261
208,86,0.6,False,,,,,0.441261
208,87,0.4,False,,,,,0.438551
208,87,0.5,False,,,,,0.438551
208,87,0.55,False,,,,,0.438551
208,87,0.6,False,,,,,0.438551
208,88,0.4,False,,,,,0.427884
208,88,0.5,False,,,,,0.427884
208,88,0.55,False,,,,,0.427884
208,88,0.6,False,,,,,0.427884
208,89,0.4,False,,,,,0.475169
208,89,0.5,False,,,,,0.475169
208,89,0.55,False,,,,,0.475169
208,89,0.6,False,,,,,0.475169
208,90,0.4,False,,,,,0.42501
208,90,0.5,False,,,,,0.42501
208,90,0.55,False,,,,,0.42501
208,90,0.6,False,,,,,0.42501
208,91,0.4,False,,,,,0.452511
208,91,0.5,False,,,,,0.452511
208,91,0.55,False,,,,,0.452511
208,91,0.6,False,,,,,0.452511
208,92,0.4,False,,,,,0.45673
208,92,0.5,False,,,,,0.45673
208,92,0.55,False,,,,,0.45673
208,92,0.6,False,,,,,0.45673
208,93,0.4,False,,,,,0.493245
208,93,0.5,False,,,,,0.493245
208,93,0.55,False,,,,,0.493245
208,93,0.6,False,,,,,0.493245
208,94,0.4,False,,,,,0.458537
208,94,0.5,False,,,,,0.458537
208,94,0.55,False,,,,,0.458537
208,94,0.6,False,,,,,0.458537
208,95,0.4,False,,,,,0.492302
208,95,0.5,False,,,,,0.492302
208,95,0.55,False,,,,,0.492302
208,95,0.6,False,,,,,0.492302
208,96,0.4,False,,,,,0.479494
208,96,0.5,False,,,,,0.479494
208,96,0.55,False,,,,,0.479494
208,96,0.6,False,,,,,0.479494
208,97,0.4,False,,,,,0.429549
208,97,0.5,False,,,,,0.429549
208,97,0.55,False,,,,,0.429549
208,97,0.6,False,,,,,0.429549
208,98,0.4,False,,,,,0.423022
208,98,0.5,False,,,,,0.423022
208,98,0.55,False,,,,,0.423022
208,98,0.6,False,,,,,0.423022
208,99,0.4,False,,,,,0.469846
208,99,0.5,False,,,,,0.469846
208,99,0.55,False,,,,,0.469846
208,99,0.6,False,,,,,0.469846
208,100,0.4,False,,,,,0.47814
208,100,0.5,False,,,,,0.47814
208,100,0.55,False,,,,,0.47814
208,100,0.6,False,,,,,0.47814
208,101,0.4,False,,,,,0.460763
208,101,0.5,False,,,,,0.460763
208,101,0.55,False,,,,,0.460763
208,101,0.6,False,,,,,0.460763
208,102,0.4,False,,,,,0.438726
208,102,0.5,False,,,,,0.438726
208,102,0.55,False,,,,,0.438726
208,102,0.6,False,,,,,0.438726
208,103,0.4,False,,,,,0.450711
208,103,0.5,False,,,,,0.450711
208,103,0.55,False,,,,,0.450711
208,103,0.6,False,,,,,0.450711
208,104,0.4,False,,,,,0.482529
208,104,0.5,False,,,,,0.482529
208,104,0.55,False,,,,,0.482529
208,104,0.6,False,,,,,0.482529
208,105,0.4,False,,,,,0.46518
208,105,0.5,False,,,,,0.46518
208,105,0.55,False,,,,,0.46518
208,105,0.6,False,,,,,0.46518
208,106,0.4,False,,,,,0.406618
208,106,0.5,False,,,,,0.406618
208,106,0.55,False,,,,,0.406618
208,106,0.6,True,0.55,0.9844,0.406618,False,0.406618
208,107,0.4,False,,,,,0.445109
208,107,0.5,False,,,,,0.445109
208,107,0.55,False,,,,,0.445109
208,107,0.6,False,,,,,0.445109
208,108,0.4,False,,,,,0.465339
208,108,0.5,False,,,,,0.465339
208,108,0.55,False,,,,,0.465339
208,108,0.6,False,,,,,0.465339
208,109,0.4,False,,,,,0.427347
208,109,0.5,False,,,,,0.427347
208,109,0.55,False,,,,,0.427347
208,109,0.6,False,,,,,0.427347
208,110,0.4,False,,,,,0.474255
208,110,0.5,False,,,,,0.474255
208,110,0.55,False,,,,,0.474255
208,110,0.6,False,,,,,0.474255
208,111,0.4,False,,,,,0.45757
208,111,0.5,False,,,,,0.45757
208,111,0.55,False,,,,,0.45757
208,111,0.6,False,,,,,0.45757
208,112,0.4,False,,,,,0.446452
208,112,0.5,False,,,,,0.446452
208,112,0.55,False,,,,,0.446452
208,112,0.6,False,,,,,0.446452
208,113,0.4,False,,,,,0.46353
208,113,0.5,False,,,,,0.46353
208,113,0.55,False,,,,,0.46353
208,113,0.6,False,,,,,0.46353
208,114,0.4,False,,,,,0.446381
208,114,0.5,False,,,,,0.446381
208,114,0.55,False,,,,,0.446381
208,114,0.6,False,,,,,0.446381
208,115,0.4,False,,,,,0.464491
208,115,0.5,False,,,,,0.464491
208,115,0.55,False,,,,,0.464491
208,115,0.6,False,,,,,0.464491
208,116,0.4,False,,,,,0.429428
208,116,0.5,False,,,,,0.429428
208,116,0.55,False,,,,,0.429428
208,116,0.6,False,,,,,0.429428
208,117,0.4,False,,,,,0.468494
208,117,0.5,False,,,,,0.468494
208,117,0.55,False,,,,,0.468494
208,117,0.6,False,,,,,0.468494
208,118,0.4,False,,,,,0.439727
208,118,0.5,False,,,,,0.439727
208,118,0.55,False,,,,,0.439727
208,118,0.6,False,,,,,0.439727
208,119,0.4,False,,,,,0.451869
208,119,0.5,False,,,,,0.451869
208,119,0.55,False,,,,,0.451869
208,119,0.6,False,,,,,0.451869
208,120,0.4,False,,,,,0.446441
208,120,0.5,False,,,,,0.446441
208,120,0.55,False,,,,,0.446441
208,120,0.6,False,,,,,0.446441
208,121,0.4,False,,,,,0.462001
208,121,0.5,False,,,,,0.462001
208,121,0.55,False,,,,,0.462001
208,121,0.6,False,,,,,0.462001
208,122,0.4,False,,,,,0.44466
208,122,0.5,False,,,,,0.44466
208,122,0.55,False,,,,,0.44466
208,122,0.6,False,,,,,0.44466
208,123,0.4,False,,,,,0.435546
208,123,0.5,False,,,,,0.435546
208,123,0.55,False,,,,,0.435546
208,123,0.6,False,,,,,0.435546
208,124,0.4,False,,,,,0.464007
208,124,0.5,False,,,,,0.464007
208,124,0.55,False,,,,,0.464007
208,124,0.6,False,,,,,0.464007
208,125,0.4,False,,,,,0.455191
208,125,0.5,False,,,,,0.455191
208,125,0.55,False,,,,,0.455191
208,125,0.6,False,,,,,0.455191
208,126,0.4,False,,,,,0.447875
208,126,0.5,False,,,,,0.447875
208,126,0.55,False,,,,,0.447875
208,126,0.6,False,,,,,0.447875
208,127,0.4,False,,,,,0.424422
208,127,0.5,False,,,,,0.424422
208,127,0.55,False,,,,,0.424422
208,127,0.6,False,,,,,0.424422
208,128,0.4,False,,,,,0.43123
208,128,0.5,False,,,,,0.43123
208,128,0.55,False,,,,,0.43123
208,128,0.6,False,,,,,0.43123
208,129,0.4,False,,,,,0.44736
208,129,0.5,False,,,,,0.44736
208,129,0.55,False,,,,,0.44736
208,129,0.6,False,,,,,0.44736
208,130,0.4,False,,,,,0.450625
208,130,0.5,False,,,,,0.450625
208,130,0.55,False,,,,,0.450625
208,130,0.6,False,,,,,0.450625
208,131,0.4,False,,,,,0.431474
208,131,0.5,False,,,,,0.431474
208,131,0.55,False,,,,,0.431474
208,131,0.6,False,,,,,0.431474
208,132,0.4,False,,,,,0.44846
208,132,0.5,False,,,,,0.44846
208,132,0.55,False,,,,,0.44846
208,132,0.6,False,,,,,0.44846
208,133,0.4,False,,,,,0.460808
208,133,0.5,False,,,,,0.460808
208,133,0.55,False,,,,,0.460808
208,133,0.6,False,,,,,0.460808
208,134,0.4,False,,,,,0.435279
208,134,0.5,False,,,,,0.435279
208,134,0.55,False,,,,,0.435279
208,134,0.6,False,,,,,0.435279
208,135,0.4,False,,,,,0.452136
208,135,0.5,False,,,,,0.452136
208,135,0.55,False,,,,,0.452136
208,135,0.6,False,,,,,0.452136
208,136,0.4,False,,,,,0.456679
208,136,0.5,False,,,,,0.456679
208,136,0.55,False,,,,,0.456679
208,136,0.6,False,,,,,0.456679
208,137,0.4,False,,,,,0.445705
208,137,0.5,False,,,,,0.445705
208,137,0.55,False,,,,,0.445705
208,137,0.6,False,,,,,0.445705
208,138,0.4,False,,,,,0.46245
208,138,0.5,False,,,,,0.46245
208,138,0.55,False,,,,,0.46245
208,138,0.6,False,,,,,0.46245
208,139,0.4,False,,,,,0.445767
208,139,0.5,False,,,,,0.445767
208,139,0.55,False,,,,,0.445767
208,139,0.6,False,,,,,0.445767
208,140,0.4,False,,,,,0.477438
208,140,0.5,False,,,,,0.477438
208,140,0.55,False,,,,,0.477438
208,140,0.6,False,,,,,0.477438
208,141,0.4,False,,,,,0.46482
208,141,0.5,False,,,,,0.46482
208,141,0.55,False,,,,,0.46482
208,141,0.6,False,,,,,0.46482
208,142,0.4,False,,,,,0.448086
208,142,0.5,False,,,,,0.448086
208,142,0.55,False,,,,,0.448086
208,142,0.6,False,,,,,0.448086
208,143,0.4,False,,,,,0.447472
208,143,0.5,False,,,,,0.447472
208,143,0.55,False,,,,,0.447472
208,143,0.6,False,,,,,0.447472
208,144,0.4,False,,,,,0.453934
208,144,0.5,False,,,,,0.453934
208,144,0.55,False,,,,,0.453934
208,144,0.6,False,,,,,0.453934
208,145,0.4,False,,,,,0.451004
208,145,0.5,False,,,,,0.451004
208,145,0.55,False,,,,,0.451004
208,145,0.6,False,,,,,0.451004
208,146,0.4,False,,,,,0.502263
208,146,0.5,False,,,,,0.502263
208,146,0.55,False,,,,,0.502263
208,146,0.6,False,,,,,0.502263
208,147,0.4,False,,,,,0.483017
208,147,0.5,False,,,,,0.483017
208,147,0.55,False,,,,,0.483017
208,147,0.6,False,,,,,0.483017
208,148,0.4,False,,,,,0.464851
208,148,0.5,False,,,,,0.464851
208,148,0.55,False,,,,,0.464851
208,148,0.6,False,,,,,0.464851
208,149,0.4,False,,,,,0.442272
208,149,0.5,False,,,,,0.442272
208,149,0.55,False,,,,,0.442272
208,149,0.6,False,,,,,0.442272
208,150,0.4,False,,,,,0.457066
208,150,0.5,False,,,,,0.457066
208,150,0.55,False,,,,,0.457066
208,150,0.6,False,,,,,0.457066
208,151,0.4,False,,,,,0.478303
208,151,0.5,False,,,,,0.478303
208,151,0.55,False,,,,,0.478303
208,151,0.6,False,,,,,0.478303
208,152,0.4,False,,,,,0.44872
208,152,0.5,False,,,,,0.44872
208,152,0.55,False,,,,,0.44872
208,152,0.6,False,,,,,0.44872
208,153,0.4,False,,,,,0.406844
208,153,0.5,False,,,,,0.406844
208,153,0.55,False,,,,,0.406844
208,153,0.6,False,,,,,0.406844
208,154,0.4,False,,,,,0.434902
208,154,0.5,False,,,,,0.434902
208,154,0.55,False,,,,,0.434902
208,154,0.6,False,,,,,0.434902
208,155,0.4,False,,,,,0.439957
208,155,0.5,False,,,,,0.439957
208,155,0.55,False,,,,,0.439957
208,155,0.6,False,,,,,0.439957
208,156,0.4,False,,,,,0.447801
208,156,0.5,False,,,,,0.447801
208,156,0.55,False,,,,,0.447801
208,156,0.6,False,,,,,0.447801
208,157,0.4,False,,,,,0.424151
208,157,0.5,False,,,,,0.424151
208,157,0.55,False,,,,,0.424151
208,157,0.6,False,,,,,0.424151
208,158,0.4,False,,,,,0.459106
208,158,0.5,False,,,,,0.459106
208,158,0.55,False,,,,,0.459106
208,158,0.6,False,,,,,0.459106
208,159,0.4,False,,,,,0.456673
208,159,0.5,False,,,,,0.456673
208,159,0.55,False,,,,,0.456673
208,159,0.6,False,,,,,0.456673
208,160,0.4,False,,,,,0.444723
208,160,0.5,False,,,,,0.444723
208,160,0.55,False,,,,,0.444723
208,160,0.6,False,,,,,0.444723
208,161,0.4,False,,,,,0.464658
208,161,0.5,False,,,,,0.464658
208,161,0.55,False,,,,,0.464658
208,161,0.6,False,,,,,0.464658
208,162,0.4,False,,,,,0.447401
208,162,0.5,False,,,,,0.447401
208,162,0.55,False,,,,,0.447401
208,162,0.6,False,,,,,0.447401
208,163,0.4,False,,,,,0.452829
208,163,0.5,False,,,,,0.452829
208,163,0.55,False,,,,,0.452829
208,163,0.6,False,,,,,0.452829
208,164,0.4,False,,,,,0.441636
208,164,0.5,False,,,,,0.441636
208,164,0.55,False,,,,,0.441636
208,164,0.6,False,,,,,0.441636
208,165,0.4,False,,,,,0.44923
208,165,0.5,False,,,,,0.44923
208,165,0.55,False,,,,,0.44923
208,165,0.6,False,,,,,0.44923
208,166,0.4,False,,,,,0.428286
208,166,0.5,False,,,,,0.428286
208,166,0.55,False,,,,,0.428286
208,166,0.6,False,,,,,0.428286
208,167,0.4,False,,,,,0.431937
208,167,0.5,False,,,,,0.431937
208,167,0.55,False,,,,,0.431937
208,167,0.6,False,,,,,0.431937
208,168,0.4,False,,,,,0.462299
208,168,0.5,False,,,,,0.462299
208,168,0.55,False,,,,,0.462299
208,168,0.6,False,,,,,0.462299
208,169,0.4,False,,,,,0.456105
208,169,0.5,False,,,,,0.456105
208,169,0.55,False,,,,,0.456105
208,169,0.6,False,,,,,0.456105
208,170,0.4,False,,,,,0.456774
208,170,0.5,False,,,,,0.456774
208,170,0.55,False,,,,,0.456774
208,170,0.6,False,,,,,0.456774
208,171,0.4,False,,,,,0.447811
208,171,0.5,False,,,,,0.447811
208,171,0.55,False,,,,,0.447811
208,171,0.6,False,,,,,0.447811
208,172,0.4,False,,,,,0.488019
208,172,0.5,False,,,,,0.488019
208,172,0.55,False,,,,,0.488019
208,172,0.6,False,,,,,0.488019
208,173,0.4,False,,,,,0.441789
208,173,0.5,False,,,,,0.441789
208,173,0.55,False,,,,,0.441789
208,173,0.6,False,,,,,0.441789
208,174,0.4,False,,,,,0.446298
208,174,0.5,False,,,,,0.446298
208,174,0.55,False,,,,,0.446298
208,174,0.6,False,,,,,0.446298
208,175,0.4,False,,,,,0.503015
208,175,0.5,False,,,,,0.503015
208,175,0.55,False,,,,,0.503015
208,175,0.6,False,,,,,0.503015
208,176,0.4,False,,,,,0.446098
208,176,0.5,False,,,,,0.446098
208,176,0.55,False,,,,,0.446098
208,176,0.6,False,,,,,0.446098
208,177,0.4,False,,,,,0.414088
208,177,0.5,False,,,,,0.414088
208,177,0.55,False,,,,,0.414088
208,177,0.6,True,0.55,0.9838,0.414088,False,0.414088
208,178,0.4,False,,,,,0.430754
208,178,0.5,False,,,,,0.430754
208,178,0.55,False,,,,,0.430754
208,178,0.6,False,,,,,0.430754
208,179,0.4,False,,,,,0.451535
208,179,0.5,False,,,,,0.451535
208,179,0.55,False,,,,,0.451535
208,179,0.6,False,,,,,0.451535
208,180,0.4,False,,,,,0.452846
208,180,0.5,False,,,,,0.452846
208,180,0.55,False,,,,,0.452846
208,180,0.6,False,,,,,0.452846
208,181,0.4,False,,,,,0.469611
208,181,0.5,False,,,,,0.469611
208,181,0.55,False,,,,,0.469611
208,181,0.6,False,,,,,0.469611
208,182,0.4,False,,,,,0.462841
208,182,0.5,False,,,,,0.462841
208,182,0.55,False,,,,,0.462841
208,182,0.6,False,,,,,0.462841
208,183,0.4,False,,,,,0.437414
208,183,0.5,False,,,,,0.437414
208,183,0.55,False,,,,,0.437414
208,183,0.6,False,,,,,0.437414
208,184,0.4,False,,,,,0.45436
208,184,0.5,False,,,,,0.45436
208,184,0.55,False,,,,,0.45436
208,184,0.6,False,,,,,0.45436
208,185,0.4,False,,,,,0.447915
208,185,0.5,False,,,,,0.447915
208,185,0.55,False,,,,,0.447915
208,185,0.6,False,,,,,0.447915
208,186,0.4,False,,,,,0.476983
208,186,0.5,False,,,,,0.476983
208,186,0.55,False,,,,,0.476983
208,186,0.6,False,,,,,0.476983
208,187,0.4,False,,,,,0.446325
208,187,0.5,False,,,,,0.446325
208,187,0.55,False,,,,,0.446325
208,187,0.6,False,,,,,0.446325
208,188,0.4,False,,,,,0.43589
208,188,0.5,False,,,,,0.43589
208,188,0.55,False,,,,,0.43589
208,188,0.6,False,,,,,0.43589
208,189,0.4,False,,,,,0.435431
208,189,0.5,False,,,,,0.435431
208,189,0.55,False,,,,,0.435431
208,189,0.6,False,,,,,0.435431
208,190,0.4,False,,,,,0.444976
208,190,0.5,False,,,,,0.444976
208,190,0.55,False,,,,,0.444976
208,190,0.6,False,,,,,0.444976
208,191,0.4,False,,,,,0.464719
208,191,0.5,False,,,,,0.464719
208,191,0.55,False,,,,,0.464719
208,191,0.6,False,,,,,0.464719
208,192,0.4,False,,,,,0.475567
208,192,0.5,False,,,,,0.475567
208,192,0.55,False,,,,,0.475567
208,192,0.6,False,,,,,0.475567
208,193,0.4,False,,,,,0.434028
208,193,0.5,False,,,,,0.434028
208,193,0.55,False,,,,,0.434028
208,193,0.6,False,,,,,0.434028
208,194,0.4,False,,,,,0.46103
208,194,0.5,False,,,,,0.46103
208,194,0.55,False,,,,,0.46103
208,194,0.6,False,,,,,0.46103
208,195,0.4,False,,,,,0.478149
208,195,0.5,False,,,,,0.478149
208,195,0.55,False,,,,,0.478149
208,195,0.6,False,,,,,0.478149
208,196,0.4,False,,,,,0.44236
208,196,0.5,False,,,,,0.44236
208,196,0.55,False,,,,,0.44236
208,196,0.6,False,,,,,0.44236
208,197,0.4,False,,,,,0.452611
208,197,0.5,False,,,,,0.452611
208,197,0.55,False,,,,,0.452611
208,197,0.6,False,,,,,0.452611
208,198,0.4,False,,,,,0.489677
208,198,0.5,False,,,,,0.489677
208,198,0.55,False,,,,,0.489677
208,198,0.6,False,,,,,0.489677
208,199,0.4,False,,,,,0.444212
208,199,0.5,False,,,,,0.444212
208,199,0.55,False,,,,,0.444212
208,199,0.6,False,,,,,0.444212
400,0,0.4,False,,,,,0.463026
400,0,0.5,False,,,,,0.463026
400,0,0.55,False,,,,,0.463026
400,0,0.6,True,0.55,0.9851,0.463026,False,0.463026
400,1,0.4,False,,,,,0.435456
400,1,0.5,False,,,,,0.435456
400,1,0.55,True,0.55,0.9843,0.435456,False,0.435456
400,1,0.6,True,0.55,0.9843,0.435456,False,0.435456
400,2,0.4,False,,,,,0.467929
400,2,0.5,False,,,,,0.467929
400,2,0.55,False,,,,,0.467929
400,2,0.6,True,0.55,0.9852,0.467929,False,0.467929
400,3,0.4,False,,,,,0.451213
400,3,0.5,False,,,,,0.451213
400,3,0.55,False,,,,,0.451213
400,3,0.6,True,0.55,0.985,0.451213,False,0.451213
400,4,0.4,False,,,,,0.451942
400,4,0.5,False,,,,,0.451942
400,4,0.55,True,0.55,0.9847,0.451942,False,0.451942
400,4,0.6,True,0.55,0.9847,0.451942,False,0.451942
400,5,0.4,False,,,,,0.434592
400,5,0.5,False,,,,,0.434592
400,5,0.55,True,0.55,0.9844,0.434592,False,0.434592
400,5,0.6,True,0.55,0.9844,0.434592,False,0.434592
400,6,0.4,False,,,,,0.444896
400,6,0.5,False,,,,,0.444896
400,6,0.55,False,,,,,0.444896
400,6,0.6,True,0.55,0.9853,0.444896,False,0.444896
400,7,0.4,False,,,,,0.441356
400,7,0.5,False,,,,,0.441356
400,7,0.55,False,,,,,0.441356
400,7,0.6,True,0.55,0.9844,0.441356,False,0.441356
400,8,0.4,False,,,,,0.454934
400,8,0.5,False,,,,,0.454934
400,8,0.55,True,0.55,0.9849,0.454934,False,0.454934
400,8,0.6,True,0.55,0.9849,0.454934,False,0.454934
400,9,0.4,False,,,,,0.454086
400,9,0.5,False,,,,,0.454086
400,9,0.55,True,0.55,0.9851,0.454086,False,0.454086
400,9,0.6,True,0.55,0.9851,0.454086,False,0.454086
400,10,0.4,False,,,,,0.424657
400,10,0.5,False,,,,,0.424657
400,10,0.55,False,,,,,0.424657
400,10,0.6,True,0.55,0.9852,0.424657,False,0.424657
400,11,0.4,False,,,,,0.452131
400,11,0.5,False,,,,,0.452131
400,11,0.55,False,,,,,0.452131
400,11,0.6,True,0.55,0.9849,0.452131,False,0.452131
400,12,0.4,False,,,,,0.446471
400,12,0.5,False,,,,,0.446471
400,12,0.55,True,0.55,0.9854,0.446471,False,0.446471
400,12,0.6,True,0.55,0.9854,0.446471,False,0.446471
400,13,0.4,False,,,,,0.463723
400,13,0.5,False,,,,,0.463723
400,13,0.55,False,,,,,0.463723
400,13,0.6,True,0.55,0.985,0.463723,False,0.463723
400,14,0.4,False,,,,,0.471127
400,14,0.5,False,,,,,0.471127
400,14,0.55,False,,,,,0.471127
400,14,0.6,True,0.55,0.9848,0.471127,False,0.471127
400,15,0.4,False,,,,,0.446629
400,15,0.5,False,,,,,0.446629
400,15,0.55,False,,,,,0.446629
400,15,0.6,True,0.55,0.9849,0.446629,False,0.446629
400,16,0.4,False,,,,,0.449693
400,16,0.5,False,,,,,0.449693
400,16,0.55,False,,,,,0.449693
400,16,0.6,True,0.55,0.9839,0.449693,False,0.449693
400,17,0.4,False,,,,,0.442678
400,17,0.5,False,,,,,0.442678
400,17,0.55,False,,,,,0.442678
400,17,0.6,True,0.55,0.985,0.442678,False,0.442678
400,18,0.4,False,,,,,0.430568
400,18,0.5,False,,,,,0.430568
400,18,0.55,True,0.55,0.9846,0.430568,False,0.430568
400,18,0.6,True,0.55,0.9846,0.430568,False,0.430568
400,19,0.4,False,,,,,0.439871
400,19,0.5,False,,,,,0.439871
400,19,0.55,True,0.55,0.9849,0.439871,False,0.439871
400,19,0.6,True,0.55,0.9849,0.439871,False,0.439871
400,20,0.4,False,,,,,0.44415
400,20,0.5,False,,,,,0.44415
400,20,0.55,False,,,,,0.44415
400,20,0.6,True,0.55,0.985,0.44415,False,0.44415
400,21,0.4,False,,,,,0.434188
400,21,0.5,False,,,,,0.434188
400,21,0.55,True,0.55,0.9853,0.434188,False,0.434188
400,21,0.6,True,0.55,0.9853,0.434188,False,0.434188
400,22,0.4,False,,,,,0.468703
400,22,0.5,False,,,,,0.468703
400,22,0.55,False,,,,,0.468703
400,22,0.6,True,0.55,0.9848,0.468703,False,0.468703
400,23,0.4,False,,,,,0.440482
400,23,0.5,False,,,,,0.440482
400,23,0.55,False,,,,,0.440482
400,23,0.6,True,0.55,0.9846,0.440482,False,0.440482
400,24,0.4,False,,,,,0.445728
400,24,0.5,False,,,,,0.445728
400,24,0.55,False,,,,,0.445728
400,24,0.6,True,0.55,0.9852,0.445728,False,0.445728
400,25,0.4,False,,,,,0.454498
400,25,0.5,False,,,,,0.454498
400,25,0.55,False,,,,,0.454498
400,25,0.6,True,0.55,0.9846,0.454498,False,0.454498
400,26,0.4,False,,,,,0.45401
400,26,0.5,False,,,,,0.45401
400,26,0.55,False,,,,,0.45401
400,26,0.6,True,0.55,0.9852,0.45401,False,0.45401
400,27,0.4,False,,,,,0.441032
400,27,0.5,False,,,,,0.441032
400,27,0.55,False,,,,,0.441032
400,27,0.6,True,0.55,0.9851,0.441032,False,0.441032
400,28,0.4,False,,,,,0.463139
400,28,0.5,False,,,,,0.463139
400,28,0.55,False,,,,,0.463139
400,28,0.6,True,0.55,0.9851,0.463139,False,0.463139
400,29,0.4,False,,,,,0.419166
400,29,0.5,False,,,,,0.419166
400,29,0.55,True,0.55,0.9847,0.419166,False,0.419166
400,29,0.6,True,0.55,0.9847,0.419166,False,0.419166
400,30,0.4,False,,,,,0.464349
400,30,0.5,False,,,,,0.464349
400,30,0.55,False,,,,,0.464349
400,30,0.6,True,0.55,0.9854,0.464349,False,0.464349
400,31,0.4,False,,,,,0.44345
400,31,0.5,False,,,,,0.44345
400,31,0.55,False,,,,,0.44345
400,31,0.6,True,0.55,0.9862,0.44345,False,0.44345
400,32,0.4,False,,,,,0.442027
400,32,0.5,False,,,,,0.442027
400,32,0.55,False,,,,,0.442027
400,32,0.6,True,0.55,0.9856,0.442027,False,0.442027
400,33,0.4,False,,,,,0.446043
400,33,0.5,False,,,,,0.446043
400,33,0.55,False,,,,,0.446043
400,33,0.6,True,0.55,0.9846,0.446043,False,0.446043
400,34,0.4,False,,,,,0.447631
400,34,0.5,False,,,,,0.447631
400,34,0.55,True,0.55,0.9852,0.447631,False,0.447631
400,34,0.6,True,0.55,0.9852,0.447631,False,0.447631
400,35,0.4,False,,,,,0.467558
400,35,0.5,False,,,,,0.467558
400,35,0.55,False,,,,,0.467558
400,35,0.6,True,0.55,0.9854,0.467558,False,0.467558
400,36,0.4,False,,,,,0.435579
400,36,0.5,False,,,,,0.435579
400,36,0.55,True,0.55,0.9855,0.435579,False,0.435579
400,36,0.6,True,0.55,0.9855,0.435579,False,0.435579
400,37,0.4,False,,,,,0.425465
400,37,0.5,False,,,,,0.425465
400,37,0.55,True,0.55,0.9849,0.425465,False,0.425465
400,37,0.6,True,0.55,0.9849,0.425465,False,0.425465
400,38,0.4,False,,,,,0.43864
400,38,0.5,False,,,,,0.43864
400,38,0.55,True,0.55,0.9849,0.43864,False,0.43864
400,38,0.6,True,0.55,0.9849,0.43864,False,0.43864
400,39,0.4,False,,,,,0.444719
400,39,0.5,False,,,,,0.444719
400,39,0.55,False,,,,,0.444719
400,39,0.6,True,0.55,0.985,0.444719,False,0.444719
400,40,0.4,False,,,,,0.437049
400,40,0.5,False,,,,,0.437049
400,40,0.55,True,0.55,0.9851,0.437049,False,0.437049
400,40,0.6,True,0.55,0.9851,0.437049,False,0.437049
400,41,0.4,False,,,,,0.432441
400,41,0.5,False,,,,,0.432441
400,41,0.55,True,0.55,0.9849,0.432441,False,0.432441
400,41,0.6,True,0.55,0.9849,0.432441,False,0.432441
400,42,0.4,False,,,,,0.449537
400,42,0.5,False,,,,,0.449537
400,42,0.55,True,0.55,0.9846,0.449537,False,0.449537
400,42,0.6,True,0.55,0.9846,0.449537,False,0.449537
400,43,0.4,False,,,,,0.440898
400,43,0.5,False,,,,,0.440898
400,43,0.55,True,0.55,0.9842,0.440898,False,0.440898
400,43,0.6,True,0.55,0.9842,0.440898,False,0.440898
400,44,0.4,False,,,,,0.446244
400,44,0.5,False,,,,,0.446244
400,44,0.55,False,,,,,0.446244
400,44,0.6,True,0.55,0.985,0.446244,False,0.446244
400,45,0.4,False,,,,,0.429346
400,45,0.5,False,,,,,0.429346
400,45,0.55,False,,,,,0.429346
400,45,0.6,True,0.55,0.9838,0.429346,False,0.429346
400,46,0.4,False,,,,,0.446522
400,46,0.5,False,,,,,0.446522
400,46,0.55,False,,,,,0.446522
400,46,0.6,True,0.55,0.986,0.446522,False,0.446522
400,47,0.4,False,,,,,0.452996
400,47,0.5,False,,,,,0.452996
400,47,0.55,False,,,,,0.452996
400,47,0.6,True,0.55,0.9851,0.452996,False,0.452996
400,48,0.4,False,,,,,0.449533
400,48,0.5,False,,,,,0.449533
400,48,0.55,False,,,,,0.449533
400,48,0.6,True,0.55,0.9847,0.449533,False,0.449533
400,49,0.4,False,,,,,0.446472
400,49,0.5,False,,,,,0.446472
400,49,0.55,False,,,,,0.446472
400,49,0.6,True,0.55,0.9851,0.446472,False,0.446472
400,50,0.4,False,,,,,0.463741
400,50,0.5,False,,,,,0.463741
400,50,0.55,False,,,,,0.463741
400,50,0.6,True,0.55,0.986,0.463741,False,0.463741
400,51,0.4,False,,,,,0.457877
400,51,0.5,False,,,,,0.457877
400,51,0.55,False,,,,,0.457877
400,51,0.6,True,0.55,0.9857,0.457877,False,0.457877
400,52,0.4,False,,,,,0.440634
400,52,0.5,False,,,,,0.440634
400,52,0.55,False,,,,,0.440634
400,52,0.6,True,0.55,0.9845,0.440634,False,0.440634
400,53,0.4,False,,,,,0.449095
400,53,0.5,False,,,,,0.449095
400,53,0.55,False,,,,,0.449095
400,53,0.6,True,0.55,0.9848,0.449095,False,0.449095
400,54,0.4,False,,,,,0.452668
400,54,0.5,False,,,,,0.452668
400,54,0.55,False,,,,,0.452668
400,54,0.6,True,0.55,0.9852,0.452668,False,0.452668
400,55,0.4,False,,,,,0.437908
400,55,0.5,False,,,,,0.437908
400,55,0.55,False,,,,,0.437908
400,55,0.6,True,0.55,0.9855,0.437908,False,0.437908
400,56,0.4,False,,,,,0.44778
400,56,0.5,False,,,,,0.44778
400,56,0.55,True,0.55,0.9842,0.44778,False,0.44778
400,56,0.6,True,0.55,0.9842,0.44778,False,0.44778
400,57,0.4,False,,,,,0.452785
400,57,0.5,False,,,,,0.452785
400,57,0.55,False,,,,,0.452785
400,57,0.6,True,0.55,0.9854,0.452785,False,0.452785
400,58,0.4,False,,,,,0.45464
400,58,0.5,False,,,,,0.45464
400,58,0.55,False,,,,,0.45464
400,58,0.6,True,0.55,0.9848,0.45464,False,0.45464
400,59,0.4,False,,,,,0.435873
400,59,0.5,False,,,,,0.435873
400,59,0.55,False,,,,,0.435873
400,59,0.6,True,0.55,0.9847,0.435873,False,0.435873
400,60,0.4,False,,,,,0.43023
400,60,0.5,False,,,,,0.43023
400,60,0.55,False,,,,,0.43023
400,60,0.6,True,0.55,0.9844,0.43023,False,0.43023
400,61,0.4,False,,,,,0.472298
400,61,0.5,False,,,,,0.472298
400,61,0.55,False,,,,,0.472298
400,61,0.6,True,0.55,0.986,0.472298,False,0.472298
400,62,0.4,False,,,,,0.430468
400,62,0.5,False,,,,,0.430468
400,62,0.55,True,0.55,0.9842,0.430468,False,0.430468
400,62,0.6,True,0.55,0.9842,0.430468,False,0.430468
400,63,0.4,False,,,,,0.458604
400,63,0.5,False,,,,,0.458604
400,63,0.55,False,,,,,0.458604
400,63,0.6,True,0.55,0.9853,0.458604,False,0.458604
400,64,0.4,False,,,,,0.431405
400,64,0.5,False,,,,,0.431405
400,64,0.55,False,,,,,0.431405
400,64,0.6,True,0.55,0.9846,0.431405,False,0.431405
400,65,0.4,False,,,,,0.46097
400,65,0.5,False,,,,,0.46097
400,65,0.55,False,,,,,0.46097
400,65,0.6,True,0.55,0.9851,0.46097,False,0.46097
400,66,0.4,False,,,,,0.435424
400,66,0.5,False,,,,,0.435424
400,66,0.55,False,,,,,0.435424
400,66,0.6,True,0.55,0.9846,0.435424,False,0.435424
400,67,0.4,False,,,,,0.467461
400,67,0.5,False,,,,,0.467461
400,67,0.55,False,,,,,0.467461
400,67,0.6,True,0.55,0.9847,0.467461,False,0.467461
400,68,0.4,False,,,,,0.465503
400,68,0.5,False,,,,,0.465503
400,68,0.55,False,,,,,0.465503
400,68,0.6,True,0.55,0.9859,0.465503,False,0.465503
400,69,0.4,False,,,,,0.42956
400,69,0.5,False,,,,,0.42956
400,69,0.55,True,0.55,0.984,0.42956,False,0.42956
400,69,0.6,True,0.55,0.984,0.42956,False,0.42956
400,70,0.4,False,,,,,0.467392
400,70,0.5,False,,,,,0.467392
400,70,0.55,False,,,,,0.467392
400,70,0.6,True,0.55,0.9847,0.467392,False,0.467392
400,71,0.4,False,,,,,0.446468
400,71,0.5,False,,,,,0.446468
400,71,0.55,False,,,,,0.446468
400,71,0.6,True,0.55,0.9849,0.446468,False,0.446468
400,72,0.4,False,,,,,0.439941
400,72,0.5,False,,,,,0.439941
400,72,0.55,False,,,,,0.439941
400,72,0.6,True,0.55,0.9857,0.439941,False,0.439941
400,73,0.4,False,,,,,0.449587
400,73,0.5,False,,,,,0.449587
400,73,0.55,False,,,,,0.449587
400,73,0.6,True,0.55,0.9851,0.449587,False,0.449587
400,74,0.4,False,,,,,0.454566
400,74,0.5,False,,,,,0.454566
400,74,0.55,False,,,,,0.454566
400,74,0.6,True,0.55,0.9849,0.454566,False,0.454566
400,75,0.4,False,,,,,0.462869
400,75,0.5,False,,,,,0.462869
400,75,0.55,False,,,,,0.462869
400,75,0.6,True,0.55,0.9855,0.462869,False,0.462869
400,76,0.4,False,,,,,0.450402
400,76,0.5,False,,,,,0.450402
400,76,0.55,False,,,,,0.450402
400,76,0.6,True,0.55,0.9864,0.450402,False,0.450402
400,77,0.4,False,,,,,0.479547
400,77,0.5,False,,,,,0.479547
400,77,0.55,False,,,,,0.479547
400,77,0.6,True,0.55,0.9865,0.479547,False,0.479547
400,78,0.4,False,,,,,0.452134
400,78,0.5,False,,,,,0.452134
400,78,0.55,False,,,,,0.452134
400,78,0.6,True,0.55,0.9847,0.452134,False,0.452134
400,79,0.4,False,,,,,0.476132
400,79,0.5,False,,,,,0.476132
400,79,0.55,False,,,,,0.476132
400,79,0.6,True,0.55,0.9846,0.476132,False,0.476132
400,80,0.4,False,,,,,0.441882
400,80,0.5,False,,,,,0.441882
400,80,0.55,True,0.55,0.9846,0.441882,False,0.441882
400,80,0.6,True,0.55,0.9846,0.441882,False,0.441882
400,81,0.4,False,,,,,0.433956
400,81,0.5,False,,,,,0.433956
400,81,0.55,True,0.55,0.9849,0.433956,False,0.433956
400,81,0.6,True,0.55,0.9849,0.433956,False,0.433956
400,82,0.4,False,,,,,0.47007
400,82,0.5,False,,,,,0.47007
400,82,0.55,False,,,,,0.47007
400,82,0.6,True,0.55,0.9847,0.47007,False,0.47007
400,83,0.4,False,,,,,0.428845
400,83,0.5,False,,,,,0.428845
400,83,0.55,True,0.55,0.9844,0.428845,False,0.428845
400,83,0.6,True,0.55,0.9844,0.428845,False,0.428845
400,84,0.4,False,,,,,0.464872
400,84,0.5,False,,,,,0.464872
400,84,0.55,False,,,,,0.464872
400,84,0.6,True,0.55,0.9848,0.464872,False,0.464872
400,85,0.4,False,,,,,0.422201
400,85,0.5,False,,,,,0.422201
400,85,0.55,True,0.55,0.985,0.422201,False,0.422201
400,85,0.6,True,0.55,0.985,0.422201,False,0.422201
400,86,0.4,False,,,,,0.4666
400,86,0.5,False,,,,,0.4666
400,86,0.55,False,,,,,0.4666
400,86,0.6,True,0.55,0.9856,0.4666,False,0.4666
400,87,0.4,False,,,,,0.47598
400,87,0.5,False,,,,,0.47598
400,87,0.55,False,,,,,0.47598
400,87,0.6,True,0.55,0.9861,0.47598,False,0.47598
400,88,0.4,False,,,,,0.441021
400,88,0.5,False,,,,,0.441021
400,88,0.55,True,0.55,0.9854,0.441021,False,0.441021
400,88,0.6,True,0.55,0.9854,0.441021,False,0.441021
400,89,0.4,False,,,,,0.452532
400,89,0.5,False,,,,,0.452532
400,89,0.55,False,,,,,0.452532
400,89,0.6,True,0.55,0.9856,0.452532,False,0.452532
400,90,0.4,False,,,,,0.461329
400,90,0.5,False,,,,,0.461329
400,90,0.55,False,,,,,0.461329
400,90,0.6,True,0.55,0.985,0.461329,False,0.461329
400,91,0.4,False,,,,,0.441298
400,91,0.5,False,,,,,0.441298
400,91,0.55,True,0.55,0.9846,0.441298,False,0.441298
400,91,0.6,True,0.55,0.9846,0.441298,False,0.441298
400,92,0.4,False,,,,,0.454306
400,92,0.5,False,,,,,0.454306
400,92,0.55,False,,,,,0.454306
400,92,0.6,True,0.55,0.9855,0.454306,False,0.454306
400,93,0.4,False,,,,,0.434587
400,93,0.5,False,,,,,0.434587
400,93,0.55,False,,,,,0.434587
400,93,0.6,True,0.55,0.9842,0.434587,False,0.434587
400,94,0.4,False,,,,,0.433756
400,94,0.5,False,,,,,0.433756
400,94,0.55,True,0.55,0.9848,0.433756,False,0.433756
400,94,0.6,True,0.55,0.9848,0.433756,False,0.433756
400,95,0.4,False,,,,,0.46161
400,95,0.5,False,,,,,0.46161
400,95,0.55,False,,,,,0.46161
400,95,0.6,True,0.55,0.9855,0.46161,False,0.46161
400,96,0.4,False,,,,,0.432236
400,96,0.5,False,,,,,0.432236
400,96,0.55,False,,,,,0.432236
400,96,0.6,True,0.55,0.9849,0.432236,False,0.432236
400,97,0.4,False,,,,,0.440209
400,97,0.5,False,,,,,0.440209
400,97,0.55,False,,,,,0.440209
400,97,0.6,True,0.55,0.9856,0.440209,False,0.440209
400,98,0.4,False,,,,,0.442051
400,98,0.5,False,,,,,0.442051
400,98,0.55,True,0.55,0.9844,0.442051,False,0.442051
400,98,0.6,True,0.55,0.9844,0.442051,False,0.442051
400,99,0.4,False,,,,,0.45893
400,99,0.5,False,,,,,0.45893
400,99,0.55,False,,,,,0.45893
400,99,0.6,True,0.55,0.9852,0.45893,False,0.45893
400,100,0.4,False,,,,,0.448417
400,100,0.5,False,,,,,0.448417
400,100,0.55,True,0.55,0.9836,0.448417,False,0.448417
400,100,0.6,True,0.55,0.9836,0.448417,False,0.448417
400,101,0.4,False,,,,,0.427762
400,101,0.5,False,,,,,0.427762
400,101,0.55,True,0.55,0.9839,0.427762,False,0.427762
400,101,0.6,True,0.55,0.9839,0.427762,False,0.427762
400,102,0.4,False,,,,,0.466057
400,102,0.5,False,,,,,0.466057
400,102,0.55,False,,,,,0.466057
400,102,0.6,True,0.55,0.9847,0.466057,False,0.466057
400,103,0.4,False,,,,,0.468553
400,103,0.5,False,,,,,0.468553
400,103,0.55,False,,,,,0.468553
400,103,0.6,True,0.55,0.9847,0.468553,False,0.468553
400,104,0.4,False,,,,,0.455703
400,104,0.5,False,,,,,0.455703
400,104,0.55,True,0.55,0.9843,0.455703,False,0.455703
400,104,0.6,True,0.55,0.9843,0.455703,False,0.455703
400,105,0.4,False,,,,,0.439775
400,105,0.5,False,,,,,0.439775
400,105,0.55,False,,,,,0.439775
400,105,0.6,True,0.55,0.984,0.439775,False,0.439775
400,106,0.4,False,,,,,0.445625
400,106,0.5,False,,,,,0.445625
400,106,0.55,False,,,,,0.445625
400,106,0.6,True,0.55,0.9848,0.445625,False,0.445625
400,107,0.4,False,,,,,0.460952
400,107,0.5,False,,,,,0.460952
400,107,0.55,False,,,,,0.460952
400,107,0.6,True,0.55,0.9853,0.460952,False,0.460952
400,108,0.4,False,,,,,0.441023
400,108,0.5,False,,,,,0.441023
400,108,0.55,True,0.55,0.9851,0.441023,False,0.441023
400,108,0.6,True,0.55,0.9851,0.441023,False,0.441023
400,109,0.4,False,,,,,0.436798
400,109,0.5,False,,,,,0.436798
400,109,0.55,True,0.55,0.9851,0.436798,False,0.436798
400,109,0.6,True,0.55,0.9851,0.436798,False,0.436798
400,110,0.4,False,,,,,0.444476
400,110,0.5,False,,,,,0.444476
400,110,0.55,False,,,,,0.444476
400,110,0.6,True,0.55,0.9847,0.444476,False,0.444476
400,111,0.4,False,,,,,0.46047
400,111,0.5,False,,,,,0.46047
400,111,0.55,False,,,,,0.46047
400,111,0.6,True,0.55,0.985,0.46047,False,0.46047
400,112,0.4,False,,,,,0.447776
400,112,0.5,False,,,,,0.447776
400,112,0.55,False,,,,,0.447776
400,112,0.6,True,0.55,0.9851,0.447776,False,0.447776
400,113,0.4,False,,,,,0.448875
400,113,0.5,False,,,,,0.448875
400,113,0.55,False,,,,,0.448875
400,113,0.6,True,0.55,0.9844,0.448875,False,0.448875
400,114,0.4,False,,,,,0.435797
400,114,0.5,False,,,,,0.435797
400,114,0.55,True,0.55,0.9843,0.435797,False,0.435797
400,114,0.6,True,0.55,0.9843,0.435797,False,0.435797
400,115,0.4,False,,,,,0.449252
400,115,0.5,False,,,,,0.449252
400,115,0.55,False,,,,,0.449252
400,115,0.6,True,0.55,0.9845,0.449252,False,0.449252
400,116,0.4,False,,,,,0.422407
400,116,0.5,False,,,,,0.422407
400,116,0.55,True,0.55,0.9842,0.422407,False,0.422407
400,116,0.6,True,0.55,0.9842,0.422407,False,0.422407
400,117,0.4,False,,,,,0.442551
400,117,0.5,False,,,,,0.442551
400,117,0.55,False,,,,,0.442551
400,117,0.6,True,0.55,0.9845,0.442551,False,0.442551
400,118,0.4,False,,,,,0.43223
400,118,0.5,False,,,,,0.43223
400,118,0.55,False,,,,,0.43223
400,118,0.6,True,0.55,0.9848,0.43223,False,0.43223
400,119,0.4,False,,,,,0.448011
400,119,0.5,False,,,,,0.448011
400,119,0.55,False,,,,,0.448011
400,119,0.6,True,0.55,0.9856,0.448011,False,0.448011
400,120,0.4,False,,,,,0.453558
400,120,0.5,False,,,,,0.453558
400,120,0.55,False,,,,,0.453558
400,120,0.6,True,0.55,0.9861,0.453558,False,0.453558
400,121,0.4,False,,,,,0.432453
400,121,0.5,False,,,,,0.432453
400,121,0.55,True,0.55,0.985,0.432453,False,0.432453
400,121,0.6,True,0.55,0.985,0.432453,False,0.432453
400,122,0.4,False,,,,,0.449484
400,122,0.5,False,,,,,0.449484
400,122,0.55,False,,,,,0.449484
400,122,0.6,True,0.55,0.985,0.449484,False,0.449484
400,123,0.4,False,,,,,0.435082
400,123,0.5,False,,,,,0.435082
400,123,0.55,False,,,,,0.435082
400,123,0.6,True,0.55,0.9847,0.435082,False,0.435082
400,124,0.4,False,,,,,0.454585
400,124,0.5,False,,,,,0.454585
400,124,0.55,True,0.55,0.9842,0.454585,False,0.454585
400,124,0.6,True,0.55,0.9842,0.454585,False,0.454585
400,125,0.4,False,,,,,0.432023
400,125,0.5,False,,,,,0.432023
400,125,0.55,True,0.55,0.9838,0.432023,False,0.432023
400,125,0.6,True,0.55,0.9838,0.432023,False,0.432023
400,126,0.4,False,,,,,0.43846
400,126,0.5,False,,,,,0.43846
400,126,0.55,False,,,,,0.43846
400,126,0.6,True,0.55,0.9852,0.43846,False,0.43846
400,127,0.4,False,,,,,0.475979
400,127,0.5,False,,,,,0.475979
400,127,0.55,False,,,,,0.475979
400,127,0.6,True,0.55,0.9852,0.475979,False,0.475979
400,128,0.4,False,,,,,0.443405
400,128,0.5,False,,,,,0.443405
400,128,0.55,True,0.55,0.984,0.443405,False,0.443405
400,128,0.6,True,0.55,0.984,0.443405,False,0.443405
400,129,0.4,False,,,,,0.428306
400,129,0.5,False,,,,,0.428306
400,129,0.55,True,0.55,0.9831,0.428306,False,0.428306
400,129,0.6,True,0.55,0.9831,0.428306,False,0.428306
400,130,0.4,False,,,,,0.423019
400,130,0.5,False,,,,,0.423019
400,130,0.55,False,,,,,0.423019
400,130,0.6,True,0.55,0.9853,0.423019,False,0.423019
400,131,0.4,False,,,,,0.447369
400,131,0.5,False,,,,,0.447369
400,131,0.55,False,,,,,0.447369
400,131,0.6,True,0.55,0.9849,0.447369,False,0.447369
400,132,0.4,False,,,,,0.44421
400,132,0.5,False,,,,,0.44421
400,132,0.55,True,0.55,0.984,0.44421,False,0.44421
400,132,0.6,True,0.55,0.984,0.44421,False,0.44421
400,133,0.4,False,,,,,0.455343
400,133,0.5,False,,,,,0.455343
400,133,0.55,False,,,,,0.455343
400,133,0.6,True,0.55,0.9848,0.455343,False,0.455343
400,134,0.4,False,,,,,0.455768
400,134,0.5,False,,,,,0.455768
400,134,0.55,False,,,,,0.455768
400,134,0.6,True,0.55,0.9858,0.455768,False,0.455768
400,135,0.4,False,,,,,0.442153
400,135,0.5,False,,,,,0.442153
400,135,0.55,False,,,,,0.442153
400,135,0.6,True,0.55,0.9844,0.442153,False,0.442153
400,136,0.4,False,,,,,0.436352
400,136,0.5,False,,,,,0.436352
400,136,0.55,True,0.55,0.9853,0.436352,False,0.436352
400,136,0.6,True,0.55,0.9853,0.436352,False,0.436352
400,137,0.4,False,,,,,0.440007
400,137,0.5,False,,,,,0.440007
400,137,0.55,False,,,,,0.440007
400,137,0.6,True,0.55,0.9853,0.440007,False,0.440007
400,138,0.4,False,,,,,0.459104
400,138,0.5,False,,,,,0.459104
400,138,0.55,False,,,,,0.459104
400,138,0.6,True,0.55,0.985,0.459104,False,0.459104
400,139,0.4,False,,,,,0.454943
400,139,0.5,False,,,,,0.454943
400,139,0.55,False,,,,,0.454943
400,139,0.6,True,0.55,0.9848,0.454943,False,0.454943
400,140,0.4,False,,,,,0.453495
400,140,0.5,False,,,,,0.453495
400,140,0.55,False,,,,,0.453495
400,140,0.6,True,0.55,0.9851,0.453495,False,0.453495
400,141,0.4,False,,,,,0.460143
400,141,0.5,False,,,,,0.460143
400,141,0.55,False,,,,,0.460143
400,141,0.6,True,0.55,0.9862,0.460143,False,0.460143
400,142,0.4,False,,,,,0.455766
400,142,0.5,False,,,,,0.455766
400,142,0.55,False,,,,,0.455766
400,142,0.6,True,0.55,0.9845,0.455766,False,0.455766
400,143,0.4,False,,,,,0.436273
400,143,0.5,False,,,,,0.436273
400,143,0.55,True,0.55,0.9846,0.436273,False,0.436273
400,143,0.6,True,0.55,0.9846,0.436273,False,0.436273
400,144,0.4,False,,,,,0.443783
400,144,0.5,False,,,,,0.443783
400,144,0.55,False,,,,,0.443783
400,144,0.6,True,0.55,0.9847,0.443783,False,0.443783
400,145,0.4,False,,,,,0.465142
400,145,0.5,False,,,,,0.465142
400,145,0.55,False,,,,,0.465142
400,145,0.6,True,0.55,0.9851,0.465142,False,0.465142
400,146,0.4,False,,,,,0.462602
400,146,0.5,False,,,,,0.462602
400,146,0.55,False,,,,,0.462602
400,146,0.6,True,0.55,0.984,0.462602,False,0.462602
400,147,0.4,False,,,,,0.438505
400,147,0.5,False,,,,,0.438505
400,147,0.55,False,,,,,0.438505
400,147,0.6,True,0.55,0.9843,0.438505,False,0.438505
400,148,0.4,False,,,,,0.437379
400,148,0.5,False,,,,,0.437379
400,148,0.55,False,,,,,0.437379
400,148,0.6,True,0.55,0.9848,0.437379,False,0.437379
400,149,0.4,False,,,,,0.426579
400,149,0.5,False,,,,,0.426579
400,149,0.55,True,0.55,0.9837,0.426579,False,0.426579
400,149,0.6,True,0.55,0.9837,0.426579,False,0.426579
400,150,0.4,False,,,,,0.414685
400,150,0.5,False,,,,,0.414685
400,150,0.55,True,0.55,0.9843,0.414685,False,0.414685
400,150,0.6,True,0.55,0.9843,0.414685,False,0.414685
400,151,0.4,False,,,,,0.45591
400,151,0.5,False,,,,,0.45591
400,151,0.55,False,,,,,0.45591
400,151,0.6,True,0.55,0.9843,0.45591,False,0.45591
400,152,0.4,False,,,,,0.459374
400,152,0.5,False,,,,,0.459374
400,152,0.55,False,,,,,0.459374
400,152,0.6,True,0.55,0.9866,0.459374,False,0.459374
400,153,0.4,False,,,,,0.449259
400,153,0.5,False,,,,,0.449259
400,153,0.55,True,0.55,0.9851,0.449259,False,0.449259
400,153,0.6,True,0.55,0.9851,0.449259,False,0.449259
400,154,0.4,False,,,,,0.481399
400,154,0.5,False,,,,,0.481399
400,154,0.55,False,,,,,0.481399
400,154,0.6,True,0.55,0.9853,0.481399,False,0.481399
400,155,0.4,False,,,,,0.435864
400,155,0.5,False,,,,,0.435864
400,155,0.55,False,,,,,0.435864
400,155,0.6,True,0.55,0.9848,0.435864,False,0.435864
400,156,0.4,False,,,,,0.438815
400,156,0.5,False,,,,,0.438815
400,156,0.55,False,,,,,0.438815
400,156,0.6,True,0.55,0.985,0.438815,False,0.438815
400,157,0.4,False,,,,,0.446284
400,157,0.5,False,,,,,0.446284
400,157,0.55,False,,,,,0.446284
400,157,0.6,True,0.55,0.9842,0.446284,False,0.446284
400,158,0.4,False,,,,,0.46975
400,158,0.5,False,,,,,0.46975
400,158,0.55,False,,,,,0.46975
400,158,0.6,True,0.55,0.9857,0.46975,False,0.46975
400,159,0.4,False,,,,,0.461755
400,159,0.5,False,,,,,0.461755
400,159,0.55,False,,,,,0.461755
400,159,0.6,True,0.55,0.985,0.461755,False,0.461755
400,160,0.4,False,,,,,0.446072
400,160,0.5,False,,,,,0.446072
400,160,0.55,False,,,,,0.446072
400,160,0.6,True,0.55,0.9853,0.446072,False,0.446072
400,161,0.4,False,,,,,0.453293
400,161,0.5,False,,,,,0.453293
400,161,0.55,False,,,,,0.453293
400,161,0.6,True,0.55,0.9848,0.453293,False,0.453293
400,162,0.4,False,,,,,0.42724
400,162,0.5,False,,,,,0.42724
400,162,0.55,False,,,,,0.42724
400,162,0.6,True,0.55,0.9848,0.42724,False,0.42724
400,163,0.4,False,,,,,0.451337
400,163,0.5,False,,,,,0.451337
400,163,0.55,False,,,,,0.451337
400,163,0.6,True,0.55,0.9845,0.451337,False,0.451337
400,164,0.4,False,,,,,0.442353
400,164,0.5,False,,,,,0.442353
400,164,0.55,True,0.55,0.9846,0.442353,False,0.442353
400,164,0.6,True,0.55,0.9846,0.442353,False,0.442353
400,165,0.4,False,,,,,0.480467
400,165,0.5,False,,,,,0.480467
400,165,0.55,False,,,,,0.480467
400,165,0.6,True,0.55,0.9843,0.480467,False,0.480467
400,166,0.4,False,,,,,0.433278
400,166,0.5,False,,,,,0.433278
400,166,0.55,True,0.55,0.9839,0.433278,False,0.433278
400,166,0.6,True,0.55,0.9839,0.433278,False,0.433278
400,167,0.4,False,,,,,0.461297
400,167,0.5,False,,,,,0.461297
400,167,0.55,False,,,,,0.461297
400,167,0.6,True,0.55,0.9852,0.461297,False,0.461297
400,168,0.4,False,,,,,0.438652
400,168,0.5,False,,,,,0.438652
400,168,0.55,False,,,,,0.438652
400,168,0.6,True,0.55,0.9844,0.438652,False,0.438652
400,169,0.4,False,,,,,0.450715
400,169,0.5,False,,,,,0.450715
400,169,0.55,False,,,,,0.450715
400,169,0.6,True,0.55,0.9838,0.450715,False,0.450715
400,170,0.4,False,,,,,0.426473
400,170,0.5,False,,,,,0.426473
400,170,0.55,False,,,,,0.426473
400,170,0.6,True,0.55,0.9844,0.426473,False,0.426473
400,171,0.4,False,,,,,0.46535
400,171,0.5,False,,,,,0.46535
400,171,0.55,False,,,,,0.46535
400,171,0.6,True,0.55,0.9851,0.46535,False,0.46535
400,172,0.4,False,,,,,0.443763
400,172,0.5,False,,,,,0.443763
400,172,0.55,False,,,,,0.443763
400,172,0.6,True,0.55,0.9855,0.443763,False,0.443763
400,173,0.4,False,,,,,0.478707
400,173,0.5,False,,,,,0.478707
400,173,0.55,False,,,,,0.478707
400,173,0.6,True,0.55,0.9857,0.478707,False,0.478707
400,174,0.4,False,,,,,0.469295
400,174,0.5,False,,,,,0.469295
400,174,0.55,False,,,,,0.469295
400,174,0.6,True,0.55,0.9853,0.469295,False,0.469295
400,175,0.4,False,,,,,0.448005
400,175,0.5,False,,,,,0.448005
400,175,0.55,False,,,,,0.448005
400,175,0.6,True,0.55,0.9843,0.448005,False,0.448005
400,176,0.4,False,,,,,0.465355
400,176,0.5,False,,,,,0.465355
400,176,0.55,False,,,,,0.465355
400,176,0.6,True,0.55,0.9855,0.465355,False,0.465355
400,177,0.4,False,,,,,0.431573
400,177,0.5,False,,,,,0.431573
400,177,0.55,True,0.55,0.985,0.431573,False,0.431573
400,177,0.6,True,0.55,0.985,0.431573,False,0.431573
400,178,0.4,False,,,,,0.449328
400,178,0.5,False,,,,,0.449328
400,178,0.55,True,0.55,0.9846,0.449328,False,0.449328
400,178,0.6,True,0.55,0.9846,0.449328,False,0.449328
400,179,0.4,False,,,,,0.451439
400,179,0.5,False,,,,,0.451439
400,179,0.55,True,0.55,0.9842,0.451439,False,0.451439
400,179,0.6,True,0.55,0.9842,0.451439,False,0.451439
400,180,0.4,False,,,,,0.462627
400,180,0.5,False,,,,,0.462627
400,180,0.55,False,,,,,0.462627
400,180,0.6,True,0.55,0.9855,0.462627,False,0.462627
400,181,0.4,False,,,,,0.478359
400,181,0.5,False,,,,,0.478359
400,181,0.55,False,,,,,0.478359
400,181,0.6,True,0.55,0.9862,0.478359,False,0.478359
400,182,0.4,False,,,,,0.42757
400,182,0.5,False,,,,,0.42757
400,182,0.55,False,,,,,0.42757
400,182,0.6,True,0.55,0.9849,0.42757,False,0.42757
400,183,0.4,False,,,,,0.449902
400,183,0.5,False,,,,,0.449902
400,183,0.55,True,0.55,0.9853,0.449902,False,0.449902
400,183,0.6,True,0.55,0.9853,0.449902,False,0.449902
400,184,0.4,False,,,,,0.465406
400,184,0.5,False,,,,,0.465406
400,184,0.55,False,,,,,0.465406
400,184,0.6,True,0.55,0.9859,0.465406,False,0.465406
400,185,0.4,False,,,,,0.433095
400,185,0.5,False,,,,,0.433095
400,185,0.55,True,0.55,0.9835,0.433095,False,0.433095
400,185,0.6,True,0.55,0.9835,0.433095,False,0.433095
400,186,0.4,False,,,,,0.447753
400,186,0.5,False,,,,,0.447753
400,186,0.55,True,0.57,0.9785,0.445867,False,0.447753
400,186,0.6,True,0.55,0.9848,0.447753,False,0.447753
400,187,0.4,False,,,,,0.446417
400,187,0.5,False,,,,,0.446417
400,187,0.55,False,,,,,0.446417
400,187,0.6,True,0.55,0.9846,0.446417,False,0.446417
400,188,0.4,False,,,,,0.449543
400,188,0.5,False,,,,,0.449543
400,188,0.55,False,,,,,0.449543
400,188,0.6,True,0.55,0.9863,0.449543,False,0.449543
400,189,0.4,False,,,,,0.421435
400,189,0.5,False,,,,,0.421435
400,189,0.55,True,0.55,0.9843,0.421435,False,0.421435
400,189,0.6,True,0.55,0.9843,0.421435,False,0.421435
400,190,0.4,False,,,,,0.470493
400,190,0.5,False,,,,,0.470493
400,190,0.55,False,,,,,0.470493
400,190,0.6,True,0.55,0.9857,0.470493,False,0.470493
400,191,0.4,False,,,,,0.443234
400,191,0.5,False,,,,,0.443234
400,191,0.55,False,,,,,0.443234
400,191,0.6,True,0.55,0.9857,0.443234,False,0.443234
400,192,0.4,False,,,,,0.453581
400,192,0.5,False,,,,,0.453581
400,192,0.55,False,,,,,0.453581
400,192,0.6,True,0.55,0.9854,0.453581,False,0.453581
400,193,0.4,False,,,,,0.451648
400,193,0.5,False,,,,,0.451648
400,193,0.55,False,,,,,0.451648
400,193,0.6,True,0.55,0.9854,0.451648,False,0.451648
400,194,0.4,False,,,,,0.443171
400,194,0.5,False,,,,,0.443171
400,194,0.55,False,,,,,0.443171
400,194,0.6,True,0.55,0.9852,0.443171,False,0.443171
400,195,0.4,False,,,,,0.459305
400,195,0.5,False,,,,,0.459305
400,195,0.55,False,,,,,0.459305
400,195,0.6,True,0.55,0.9847,0.459305,False,0.459305
400,196,0.4,False,,,,,0.454462
400,196,0.5,False,,,,,0.454462
400,196,0.55,True,0.55,0.9843,0.454462,False,0.454462
400,196,0.6,True,0.55,0.9843,0.454462,False,0.454462
400,197,0.4,False,,,,,0.449315
400,197,0.5,False,,,,,0.449315
400,197,0.55,False,,,,,0.449315
400,197,0.6,True,0.55,0.9859,0.449315,False,0.449315
400,198,0.4,False,,,,,0.463405
400,198,0.5,False,,,,,0.463405
400,198,0.55,False,,,,,0.463405
400,198,0.6,True,0.55,0.9841,0.463405,False,0.463405
400,199,0.4,False,,,,,0.452855
400,199,0.5,False,,,,,0.452855
400,199,0.55,False,,,,,0.452855
400,199,0.6,True,0.55,0.985,0.452855,False,0.452855
600,0,0.4,False,,,,,0.444509
600,0,0.5,False,,,,,0.444509
600,0,0.55,True,0.55,0.984,0.444509,False,0.444509
600,0,0.6,True,0.55,0.984,0.444509,False,0.444509
600,1,0.4,False,,,,,0.465176
600,1,0.5,False,,,,,0.465176
600,1,0.55,True,0.55,0.9848,0.465176,False,0.465176
600,1,0.6,True,0.55,0.9848,0.465176,False,0.465176
600,2,0.4,False,,,,,0.446298
600,2,0.5,False,,,,,0.446298
600,2,0.55,True,0.55,0.985,0.446298,False,0.446298
600,2,0.6,True,0.55,0.985,0.446298,False,0.446298
600,3,0.4,False,,,,,0.456705
600,3,0.5,False,,,,,0.456705
600,3,0.55,False,,,,,0.456705
600,3,0.6,True,0.55,0.9856,0.456705,False,0.456705
600,4,0.4,False,,,,,0.457779
600,4,0.5,False,,,,,0.457779
600,4,0.55,True,0.55,0.9853,0.457779,False,0.457779
600,4,0.6,True,0.55,0.9853,0.457779,False,0.457779
600,5,0.4,False,,,,,0.45112
600,5,0.5,False,,,,,0.45112
600,5,0.55,True,0.55,0.985,0.45112,False,0.45112
600,5,0.6,True,0.55,0.985,0.45112,False,0.45112
600,6,0.4,False,,,,,0.442977
600,6,0.5,False,,,,,0.442977
600,6,0.55,True,0.55,0.9852,0.442977,False,0.442977
600,6,0.6,True,0.55,0.9852,0.442977,False,0.442977
600,7,0.4,False,,,,,0.457424
600,7,0.5,False,,,,,0.457424
600,7,0.55,True,0.55,0.9846,0.457424,False,0.457424
600,7,0.6,True,0.55,0.9846,0.457424,False,0.457424
600,8,0.4,False,,,,,0.441375
600,8,0.5,False,,,,,0.441375
600,8,0.55,True,0.55,0.9847,0.441375,False,0.441375
600,8,0.6,True,0.55,0.9847,0.441375,False,0.441375
600,9,0.4,False,,,,,0.452301
600,9,0.5,False,,,,,0.452301
600,9,0.55,True,0.55,0.9854,0.452301,False,0.452301
600,9,0.6,True,0.55,0.9854,0.452301,False,0.452301
600,10,0.4,False,,,,,0.421917
600,10,0.5,False,,,,,0.421917
600,10,0.55,True,0.55,0.9845,0.421917,False,0.421917
600,10,0.6,True,0.55,0.9845,0.421917,False,0.421917
600,11,0.4,False,,,,,0.433727
600,11,0.5,False,,,,,0.433727
600,11,0.55,True,0.55,0.9846,0.433727,False,0.433727
600,11,0.6,True,0.55,0.9846,0.433727,False,0.433727
600,12,0.4,False,,,,,0.453422
600,12,0.5,False,,,,,0.453422
600,12,0.55,True,0.55,0.9849,0.453422,False,0.453422
600,12,0.6,True,0.55,0.9849,0.453422,False,0.453422
600,13,0.4,False,,,,,0.433992
600,13,0.5,False,,,,,0.433992
600,13,0.55,True,0.55,0.9844,0.433992,False,0.433992
600,13,0.6,True,0.55,0.9844,0.433992,False,0.433992
600,14,0.4,False,,,,,0.448344
600,14,0.5,False,,,,,0.448344
600,14,0.55,True,0.55,0.9841,0.448344,False,0.448344
600,14,0.6,True,0.55,0.9841,0.448344,False,0.448344
600,15,0.4,False,,,,,0.432991
600,15,0.5,False,,,,,0.432991
600,15,0.55,True,0.55,0.9852,0.432991,False,0.432991
600,15,0.6,True,0.55,0.9852,0.432991,False,0.432991
600,16,0.4,False,,,,,0.442594
600,16,0.5,False,,,,,0.442594
600,16,0.55,True,0.55,0.9853,0.442594,False,0.442594
600,16,0.6,True,0.55,0.9853,0.442594,False,0.442594
600,17,0.4,False,,,,,0.461534
600,17,0.5,False,,,,,0.461534
600,17,0.55,True,0.55,0.9842,0.461534,False,0.461534
600,17,0.6,True,0.55,0.9842,0.461534,False,0.461534
600,18,0.4,False,,,,,0.453522
600,18,0.5,False,,,,,0.453522
600,18,0.55,True,0.55,0.9851,0.453522,False,0.453522
600,18,0.6,True,0.55,0.9851,0.453522,False,0.453522
600,19,0.4,False,,,,,0.448484
600,19,0.5,False,,,,,0.448484
600,19,0.55,True,0.55,0.9855,0.448484,False,0.448484
600,19,0.6,True,0.55,0.9855,0.448484,False,0.448484
600,20,0.4,False,,,,,0.442614
600,20,0.5,False,,,,,0.442614
600,20,0.55,True,0.55,0.985,0.442614,False,0.442614
600,20,0.6,True,0.55,0.985,0.442614,False,0.442614
600,21,0.4,False,,,,,0.48071
600,21,0.5,False,,,,,0.48071
600,21,0.55,True,0.55,0.9848,0.48071,False,0.48071
600,21,0.6,True,0.55,0.9848,0.48071,False,0.48071
600,22,0.4,False,,,,,0.448263
600,22,0.5,False,,,,,0.448263
600,22,0.55,True,0.55,0.9854,0.448263,False,0.448263
600,22,0.6,True,0.55,0.9854,0.448263,False,0.448263
600,23,0.4,False,,,,,0.447201
600,23,0.5,False,,,,,0.447201
600,23,0.55,True,0.55,0.9855,0.447201,False,0.447201
600,23,0.6,True,0.55,0.9855,0.447201,False,0.447201
600,24,0.4,False,,,,,0.44032
600,24,0.5,False,,,,,0.44032
600,24,0.55,True,0.55,0.9851,0.44032,False,0.44032
600,24,0.6,True,0.55,0.9851,0.44032,False,0.44032
600,25,0.4,False,,,,,0.448599
600,25,0.5,False,,,,,0.448599
600,25,0.55,True,0.55,0.985,0.448599,False,0.448599
600,25,0.6,True,0.55,0.985,0.448599,False,0.448599
600,26,0.4,False,,,,,0.447547
600,26,0.5,False,,,,,0.447547
600,26,0.55,True,0.55,0.9852,0.447547,False,0.447547
600,26,0.6,True,0.55,0.9852,0.447547,False,0.447547
600,27,0.4,False,,,,,0.445912
600,27,0.5,False,,,,,0.445912
600,27,0.55,True,0.55,0.9852,0.445912,False,0.445912
600,27,0.6,True,0.55,0.9852,0.445912,False,0.445912
600,28,0.4,False,,,,,0.456646
600,28,0.5,False,,,,,0.456646
600,28,0.55,True,0.55,0.985,0.456646,False,0.456646
600,28,0.6,True,0.55,0.985,0.456646,False,0.456646
600,29,0.4,False,,,,,0.461408
600,29,0.5,False,,,,,0.461408
600,29,0.55,True,0.55,0.9854,0.461408,False,0.461408
600,29,0.6,True,0.55,0.9854,0.461408,False,0.461408
600,30,0.4,False,,,,,0.451564
600,30,0.5,False,,,,,0.451564
600,30,0.55,True,0.55,0.9854,0.451564,False,0.451564
600,30,0.6,True,0.55,0.9854,0.451564,False,0.451564
600,31,0.4,False,,,,,0.457146
600,31,0.5,False,,,,,0.457146
600,31,0.55,True,0.55,0.9842,0.457146,False,0.457146
600,31,0.6,True,0.55,0.9842,0.457146,False,0.457146
600,32,0.4,False,,,,,0.467737
600,32,0.5,False,,,,,0.467737
600,32,0.55,True,0.55,0.9853,0.467737,False,0.467737
600,32,0.6,True,0.55,0.9853,0.467737,False,0.467737
600,33,0.4,False,,,,,0.447648
600,33,0.5,False,,,,,0.447648
600,33,0.55,True,0.55,0.9845,0.447648,False,0.447648
600,33,0.6,True,0.55,0.9845,0.447648,False,0.447648
600,34,0.4,False,,,,,0.456962
600,34,0.5,False,,,,,0.456962
600,34,0.55,True,0.55,0.985,0.456962,False,0.456962
600,34,0.6,True,0.55,0.985,0.456962,False,0.456962
600,35,0.4,False,,,,,0.458076
600,35,0.5,False,,,,,0.458076
600,35,0.55,True,0.55,0.9852,0.458076,False,0.458076
600,35,0.6,True,0.55,0.9852,0.458076,False,0.458076
600,36,0.4,False,,,,,0.452675
600,36,0.5,False,,,,,0.452675
600,36,0.55,True,0.55,0.9849,0.452675,False,0.452675
600,36,0.6,True,0.55,0.9849,0.452675,False,0.452675
600,37,0.4,False,,,,,0.421513
600,37,0.5,False,,,,,0.421513
600,37,0.55,True,0.55,0.9844,0.421513,False,0.421513
600,37,0.6,True,0.55,0.9844,0.421513,False,0.421513
600,38,0.4,False,,,,,0.448115
600,38,0.5,False,,,,,0.448115
600,38,0.55,True,0.55,0.9844,0.448115,False,0.448115
600,38,0.6,True,0.55,0.9844,0.448115,False,0.448115
600,39,0.4,False,,,,,0.456885
600,39,0.5,False,,,,,0.456885
600,39,0.55,True,0.55,0.985,0.456885,False,0.456885
600,39,0.6,True,0.55,0.985,0.456885,False,0.456885
600,40,0.4,False,,,,,0.452408
600,40,0.5,False,,,,,0.452408
600,40,0.55,True,0.55,0.9834,0.452408,False,0.452408
600,40,0.6,True,0.55,0.9834,0.452408,False,0.452408
600,41,0.4,False,,,,,0.42631
600,41,0.5,False,,,,,0.42631
600,41,0.55,True,0.55,0.9846,0.42631,False,0.42631
600,41,0.6,True,0.55,0.9846,0.42631,False,0.42631
600,42,0.4,False,,,,,0.440945
600,42,0.5,False,,,,,0.440945
600,42,0.55,True,0.55,0.9846,0.440945,False,0.440945
600,42,0.6,True,0.55,0.9846,0.440945,False,0.440945
600,43,0.4,False,,,,,0.45339
600,43,0.5,False,,,,,0.45339
600,43,0.55,True,0.55,0.9854,0.45339,False,0.45339
600,43,0.6,True,0.55,0.9854,0.45339,False,0.45339
600,44,0.4,False,,,,,0.45911
600,44,0.5,False,,,,,0.45911
600,44,0.55,True,0.55,0.9843,0.45911,False,0.45911
600,44,0.6,True,0.55,0.9843,0.45911,False,0.45911
600,45,0.4,False,,,,,0.463514
600,45,0.5,False,,,,,0.463514
600,45,0.55,True,0.55,0.9843,0.463514,False,0.463514
600,45,0.6,True,0.55,0.9843,0.463514,False,0.463514
600,46,0.4,False,,,,,0.457582
600,46,0.5,False,,,,,0.457582
600,46,0.55,True,0.55,0.9855,0.457582,False,0.457582
600,46,0.6,True,0.55,0.9855,0.457582,False,0.457582
600,47,0.4,False,,,,,0.466317
600,47,0.5,False,,,,,0.466317
600,47,0.55,True,0.55,0.9854,0.466317,False,0.466317
600,47,0.6,True,0.55,0.9854,0.466317,False,0.466317
600,48,0.4,False,,,,,0.475194
600,48,0.5,False,,,,,0.475194
600,48,0.55,True,0.55,0.9859,0.475194,False,0.475194
600,48,0.6,True,0.55,0.9859,0.475194,False,0.475194
600,49,0.4,False,,,,,0.440715
600,49,0.5,False,,,,,0.440715
600,49,0.55,True,0.55,0.9853,0.440715,False,0.440715
600,49,0.6,True,0.55,0.9853,0.440715,False,0.440715
600,50,0.4,False,,,,,0.435149
600,50,0.5,False,,,,,0.435149
600,50,0.55,True,0.55,0.9842,0.435149,False,0.435149
600,50,0.6,True,0.55,0.9842,0.435149,False,0.435149
600,51,0.4,False,,,,,0.471973
600,51,0.5,False,,,,,0.471973
600,51,0.55,True,0.55,0.9852,0.471973,False,0.471973
600,51,0.6,True,0.55,0.9852,0.471973,False,0.471973
600,52,0.4,False,,,,,0.419386
600,52,0.5,True,0.55,0.9842,0.419386,False,0.419386
600,52,0.55,True,0.55,0.9842,0.419386,False,0.419386
600,52,0.6,True,0.55,0.9842,0.419386,False,0.419386
600,53,0.4,False,,,,,0.425383
600,53,0.5,False,,,,,0.425383
600,53,0.55,True,0.55,0.985,0.425383,False,0.425383
600,53,0.6,True,0.55,0.985,0.425383,False,0.425383
600,54,0.4,False,,,,,0.446321
600,54,0.5,False,,,,,0.446321
600,54,0.55,True,0.55,0.9845,0.446321,False,0.446321
600,54,0.6,True,0.55,0.9845,0.446321,False,0.446321
600,55,0.4,False,,,,,0.447411
600,55,0.5,False,,,,,0.447411
600,55,0.55,True,0.55,0.9849,0.447411,False,0.447411
600,55,0.6,True,0.55,0.9849,0.447411,False,0.447411
600,56,0.4,False,,,,,0.43976
600,56,0.5,False,,,,,0.43976
600,56,0.55,True,0.55,0.984,0.43976,False,0.43976
600,56,0.6,True,0.55,0.984,0.43976,False,0.43976
600,57,0.4,False,,,,,0.449165
600,57,0.5,False,,,,,0.449165
600,57,0.55,True,0.55,0.9844,0.449165,False,0.449165
600,57,0.6,True,0.55,0.9844,0.449165,False,0.449165
600,58,0.4,False,,,,,0.441206
600,58,0.5,False,,,,,0.441206
600,58,0.55,True,0.55,0.9848,0.441206,False,0.441206
600,58,0.6,True,0.55,0.9848,0.441206,False,0.441206
600,59,0.4,False,,,,,0.438304
600,59,0.5,False,,,,,0.438304
600,59,0.55,True,0.55,0.9842,0.438304,False,0.438304
600,59,0.6,True,0.55,0.9842,0.438304,False,0.438304
600,60,0.4,False,,,,,0.455119
600,60,0.5,False,,,,,0.455119
600,60,0.55,True,0.55,0.9855,0.455119,False,0.455119
600,60,0.6,True,0.55,0.9855,0.455119,False,0.455119
600,61,0.4,False,,,,,0.449855
600,61,0.5,False,,,,,0.449855
600,61,0.55,True,0.55,0.9855,0.449855,False,0.449855
600,61,0.6,True,0.55,0.9855,0.449855,False,0.449855
600,62,0.4,False,,,,,0.450527
600,62,0.5,False,,,,,0.450527
600,62,0.55,True,0.55,0.9854,0.450527,False,0.450527
600,62,0.6,True,0.55,0.9854,0.450527,False,0.450527
600,63,0.4,False,,,,,0.464512
600,63,0.5,False,,,,,0.464512
600,63,0.55,True,0.55,0.9853,0.464512,False,0.464512
600,63,0.6,True,0.55,0.9853,0.464512,False,0.464512
600,64,0.4,False,,,,,0.437184
600,64,0.5,False,,,,,0.437184
600,64,0.55,True,0.55,0.9848,0.437184,False,0.437184
600,64,0.6,True,0.55,0.9848,0.437184,False,0.437184
600,65,0.4,False,,,,,0.464482
600,65,0.5,False,,,,,0.464482
600,65,0.55,True,0.55,0.9856,0.464482,False,0.464482
600,65,0.6,True,0.55,0.9856,0.464482,False,0.464482
600,66,0.4,False,,,,,0.457786
600,66,0.5,False,,,,,0.457786
600,66,0.55,True,0.55,0.9853,0.457786,False,0.457786
600,66,0.6,True,0.55,0.9853,0.457786,False,0.457786
600,67,0.4,False,,,,,0.477903
600,67,0.5,False,,,,,0.477903
600,67,0.55,True,0.55,0.9858,0.477903,False,0.477903
600,67,0.6,True,0.55,0.9858,0.477903,False,0.477903
600,68,0.4,False,,,,,0.454008
600,68,0.5,False,,,,,0.454008
600,68,0.55,True,0.55,0.9852,0.454008,False,0.454008
600,68,0.6,True,0.55,0.9852,0.454008,False,0.454008
600,69,0.4,False,,,,,0.44778
600,69,0.5,False,,,,,0.44778
600,69,0.55,True,0.55,0.9851,0.44778,False,0.44778
600,69,0.6,True,0.55,0.9851,0.44778,False,0.44778
600,70,0.4,False,,,,,0.467521
600,70,0.5,False,,,,,0.467521
600,70,0.55,True,0.55,0.9858,0.467521,False,0.467521
600,70,0.6,True,0.55,0.9858,0.467521,False,0.467521
600,71,0.4,False,,,,,0.458452
600,71,0.5,False,,,,,0.458452
600,71,0.55,True,0.55,0.9848,0.458452,False,0.458452
600,71,0.6,True,0.55,0.9848,0.458452,False,0.458452
600,72,0.4,False,,,,,0.447361
600,72,0.5,False,,,,,0.447361
600,72,0.55,True,0.55,0.9852,0.447361,False,0.447361
600,72,0.6,True,0.55,0.9852,0.447361,False,0.447361
600,73,0.4,False,,,,,0.450555
600,73,0.5,False,,,,,0.450555
600,73,0.55,True,0.55,0.9856,0.450555,False,0.450555
600,73,0.6,True,0.55,0.9856,0.450555,False,0.450555
600,74,0.4,False,,,,,0.443896
600,74,0.5,False,,,,,0.443896
600,74,0.55,True,0.55,0.9849,0.443896,False,0.443896
600,74,0.6,True,0.55,0.9849,0.443896,False,0.443896
600,75,0.4,False,,,,,0.434447
600,75,0.5,False,,,,,0.434447
600,75,0.55,True,0.55,0.9842,0.434447,False,0.434447
600,75,0.6,True,0.55,0.9842,0.434447,False,0.434447
600,76,0.4,False,,,,,0.434607
600,76,0.5,False,,,,,0.434607
600,76,0.55,True,0.55,0.9861,0.434607,False,0.434607
600,76,0.6,True,0.55,0.9861,0.434607,False,0.434607
600,77,0.4,False,,,,,0.447087
600,77,0.5,False,,,,,0.447087
600,77,0.55,True,0.55,0.9846,0.447087,False,0.447087
600,77,0.6,True,0.55,0.9846,0.447087,False,0.447087
600,78,0.4,False,,,,,0.445214
600,78,0.5,False,,,,,0.445214
600,78,0.55,True,0.55,0.9851,0.445214,False,0.445214
600,78,0.6,True,0.55,0.9851,0.445214,False,0.445214
600,79,0.4,False,,,,,0.465847
600,79,0.5,False,,,,,0.465847
600,79,0.55,True,0.55,0.9863,0.465847,False,0.465847
600,79,0.6,True,0.55,0.9863,0.465847,False,0.465847
600,80,0.4,False,,,,,0.441455
600,80,0.5,False,,,,,0.441455
600,80,0.55,True,0.55,0.9838,0.441455,False,0.441455
600,80,0.6,True,0.55,0.9838,0.441455,False,0.441455
600,81,0.4,False,,,,,0.473339
600,81,0.5,False,,,,,0.473339
600,81,0.55,True,0.55,0.9855,0.473339,False,0.473339
600,81,0.6,True,0.55,0.9855,0.473339,False,0.473339
600,82,0.4,False,,,,,0.445087
600,82,0.5,False,,,,,0.445087
600,82,0.55,True,0.55,0.9847,0.445087,False,0.445087
600,82,0.6,True,0.55,0.9847,0.445087,False,0.445087
600,83,0.4,False,,,,,0.436059
600,83,0.5,False,,,,,0.436059
600,83,0.55,True,0.55,0.9846,0.436059,False,0.436059
600,83,0.6,True,0.55,0.9846,0.436059,False,0.436059
600,84,0.4,False,,,,,0.446613
600,84,0.5,False,,,,,0.446613
600,84,0.55,True,0.55,0.9857,0.446613,False,0.446613
600,84,0.6,True,0.55,0.9857,0.446613,False,0.446613
600,85,0.4,False,,,,,0.434464
600,85,0.5,False,,,,,0.434464
600,85,0.55,True,0.55,0.9847,0.434464,False,0.434464
600,85,0.6,True,0.55,0.9847,0.434464,False,0.434464
600,86,0.4,False,,,,,0.444354
600,86,0.5,False,,,,,0.444354
600,86,0.55,True,0.55,0.9846,0.444354,False,0.444354
600,86,0.6,True,0.55,0.9846,0.444354,False,0.444354
600,87,0.4,False,,,,,0.455339
600,87,0.5,False,,,,,0.455339
600,87,0.55,True,0.55,0.9847,0.455339,False,0.455339
600,87,0.6,True,0.55,0.9847,0.455339,False,0.455339
600,88,0.4,False,,,,,0.458195
600,88,0.5,False,,,,,0.458195
600,88,0.55,True,0.55,0.9846,0.458195,False,0.458195
600,88,0.6,True,0.55,0.9846,0.458195,False,0.458195
600,89,0.4,False,,,,,0.435332
600,89,0.5,False,,,,,0.435332
600,89,0.55,True,0.55,0.9842,0.435332,False,0.435332
600,89,0.6,True,0.55,0.9842,0.435332,False,0.435332
600,90,0.4,False,,,,,0.45893
600,90,0.5,False,,,,,0.45893
600,90,0.55,True,0.55,0.9845,0.45893,False,0.45893
600,90,0.6,True,0.55,0.9845,0.45893,False,0.45893
600,91,0.4,False,,,,,0.45567
600,91,0.5,False,,,,,0.45567
600,91,0.55,True,0.55,0.9851,0.45567,False,0.45567
600,91,0.6,True,0.55,0.9851,0.45567,False,0.45567
600,92,0.4,False,,,,,0.437216
600,92,0.5,False,,,,,0.437216
600,92,0.55,True,0.55,0.9844,0.437216,False,0.437216
600,92,0.6,True,0.55,0.9844,0.437216,False,0.437216
600,93,0.4,False,,,,,0.427644
600,93,0.5,False,,,,,0.427644
600,93,0.55,True,0.55,0.9845,0.427644,False,0.427644
600,93,0.6,True,0.55,0.9845,0.427644,False,0.427644
600,94,0.4,False,,,,,0.443037
600,94,0.5,False,,,,,0.443037
600,94,0.55,True,0.55,0.9843,0.443037,False,0.443037
600,94,0.6,True,0.55,0.9843,0.443037,False,0.443037
600,95,0.4,False,,,,,0.433404
600,95,0.5,False,,,,,0.433404
600,95,0.55,True,0.55,0.9847,0.433404,False,0.433404
600,95,0.6,True,0.55,0.9847,0.433404,False,0.433404
600,96,0.4,False,,,,,0.460165
600,96,0.5,False,,,,,0.460165
600,96,0.55,True,0.55,0.9852,0.460165,False,0.460165
600,96,0.6,True,0.55,0.9852,0.460165,False,0.460165
600,97,0.4,False,,,,,0.449723
600,97,0.5,False,,,,,0.449723
600,97,0.55,True,0.55,0.9852,0.449723,False,0.449723
600,97,0.6,True,0.55,0.9852,0.449723,False,0.449723
600,98,0.4,False,,,,,0.431318
600,98,0.5,False,,,,,0.431318
600,98,0.55,True,0.55,0.9849,0.431318,False,0.431318
600,98,0.6,True,0.55,0.9849,0.431318,False,0.431318
600,99,0.4,False,,,,,0.455507
600,99,0.5,False,,,,,0.455507
600,99,0.55,True,0.55,0.9852,0.455507,False,0.455507
600,99,0.6,True,0.55,0.9852,0.455507,False,0.455507
600,100,0.4,False,,,,,0.452241
600,100,0.5,False,,,,,0.452241
600,100,0.55,True,0.55,0.9844,0.452241,False,0.452241
600,100,0.6,True,0.55,0.9844,0.452241,False,0.452241
600,101,0.4,False,,,,,0.476407
600,101,0.5,False,,,,,0.476407
600,101,0.55,True,0.55,0.9853,0.476407,False,0.476407
600,101,0.6,True,0.55,0.9853,0.476407,False,0.476407
600,102,0.4,False,,,,,0.46605
600,102,0.5,False,,,,,0.46605
600,102,0.55,True,0.55,0.9859,0.46605,False,0.46605
600,102,0.6,True,0.55,0.9859,0.46605,False,0.46605
600,103,0.4,False,,,,,0.47619
600,103,0.5,False,,,,,0.47619
600,103,0.55,True,0.55,0.9852,0.47619,False,0.47619
600,103,0.6,True,0.55,0.9852,0.47619,False,0.47619
600,104,0.4,False,,,,,0.468488
600,104,0.5,False,,,,,0.468488
600,104,0.55,True,0.55,0.9851,0.468488,False,0.468488
600,104,0.6,True,0.55,0.9851,0.468488,False,0.468488
600,105,0.4,False,,,,,0.438604
600,105,0.5,False,,,,,0.438604
600,105,0.55,True,0.55,0.9839,0.438604,False,0.438604
600,105,0.6,True,0.55,0.9839,0.438604,False,0.438604
600,106,0.4,False,,,,,0.461934
600,106,0.5,False,,,,,0.461934
600,106,0.55,True,0.55,0.9847,0.461934,False,0.461934
600,106,0.6,True,0.55,0.9847,0.461934,False,0.461934
600,107,0.4,False,,,,,0.464625
600,107,0.5,False,,,,,0.464625
600,107,0.55,True,0.55,0.9854,0.464625,False,0.464625
600,107,0.6,True,0.55,0.9854,0.464625,False,0.464625
600,108,0.4,False,,,,,0.44395
600,108,0.5,False,,,,,0.44395
600,108,0.55,True,0.55,0.9843,0.44395,False,0.44395
600,108,0.6,True,0.55,0.9843,0.44395,False,0.44395
600,109,0.4,False,,,,,0.455346
600,109,0.5,False,,,,,0.455346
600,109,0.55,True,0.55,0.9855,0.455346,False,0.455346
600,109,0.6,True,0.55,0.9855,0.455346,False,0.455346
600,110,0.4,False,,,,,0.452251
600,110,0.5,False,,,,,0.452251
600,110,0.55,True,0.55,0.9847,0.452251,False,0.452251
600,110,0.6,True,0.55,0.9847,0.452251,False,0.452251
600,111,0.4,False,,,,,0.447325
600,111,0.5,False,,,,,0.447325
600,111,0.55,True,0.55,0.9849,0.447325,False,0.447325
600,111,0.6,True,0.55,0.9849,0.447325,False,0.447325
600,112,0.4,False,,,,,0.464914
600,112,0.5,False,,,,,0.464914
600,112,0.55,True,0.55,0.9851,0.464914,False,0.464914
600,112,0.6,True,0.55,0.9851,0.464914,False,0.464914
600,113,0.4,False,,,,,0.46118
600,113,0.5,False,,,,,0.46118
600,113,0.55,True,0.55,0.9855,0.46118,False,0.46118
600,113,0.6,True,0.55,0.9855,0.46118,False,0.46118
600,114,0.4,False,,,,,0.454722
600,114,0.5,False,,,,,0.454722
600,114,0.55,True,0.55,0.9853,0.454722,False,0.454722
600,114,0.6,True,0.55,0.9853,0.454722,False,0.454722
600,115,0.4,False,,,,,0.466629
600,115,0.5,False,,,,,0.466629
600,115,0.55,True,0.55,0.9849,0.466629,False,0.466629
600,115,0.6,True,0.55,0.9849,0.466629,False,0.466629
600,116,0.4,False,,,,,0.45301
600,116,0.5,False,,,,,0.45301
600,116,0.55,True,0.55,0.9843,0.45301,False,0.45301
600,116,0.6,True,0.55,0.9843,0.45301,False,0.45301
600,117,0.4,False,,,,,0.451159
600,117,0.5,False,,,,,0.451159
600,117,0.55,True,0.55,0.9853,0.451159,False,0.451159
600,117,0.6,True,0.55,0.9853,0.451159,False,0.451159
600,118,0.4,False,,,,,0.437248
600,118,0.5,False,,,,,0.437248
600,118,0.55,True,0.55,0.9847,0.437248,False,0.437248
600,118,0.6,True,0.55,0.9847,0.437248,False,0.437248
600,119,0.4,False,,,,,0.455643
600,119,0.5,False,,,,,0.455643
600,119,0.55,True,0.55,0.985,0.455643,False,0.455643
600,119,0.6,True,0.55,0.985,0.455643,False,0.455643
600,120,0.4,False,,,,,0.428567
600,120,0.5,False,,,,,0.428567
600,120,0.55,True,0.55,0.984,0.428567,False,0.428567
600,120,0.6,True,0.55,0.984,0.428567,False,0.428567
600,121,0.4,False,,,,,0.459214
600,121,0.5,False,,,,,0.459214
600,121,0.55,True,0.55,0.9854,0.459214,False,0.459214
600,121,0.6,True,0.55,0.9854,0.459214,False,0.459214
600,122,0.4,False,,,,,0.455399
600,122,0.5,False,,,,,0.455399
600,122,0.55,True,0.55,0.9843,0.455399,False,0.455399
600,122,0.6,True,0.55,0.9843,0.455399,False,0.455399
600,123,0.4,False,,,,,0.439528
600,123,0.5,False,,,,,0.439528
600,123,0.55,True,0.55,0.9843,0.439528,False,0.439528
600,123,0.6,True,0.55,0.9843,0.439528,False,0.439528
600,124,0.4,False,,,,,0.458017
600,124,0.5,False,,,,,0.458017
600,124,0.55,True,0.55,0.9852,0.458017,False,0.458017
600,124,0.6,True,0.55,0.9852,0.458017,False,0.458017
600,125,0.4,False,,,,,0.442318
600,125,0.5,False,,,,,0.442318
600,125,0.55,True,0.55,0.9855,0.442318,False,0.442318
600,125,0.6,True,0.55,0.9855,0.442318,False,0.442318
600,126,0.4,False,,,,,0.459515
600,126,0.5,False,,,,,0.459515
600,126,0.55,True,0.55,0.986,0.459515,False,0.459515
600,126,0.6,True,0.55,0.986,0.459515,False,0.459515
600,127,0.4,False,,,,,0.451542
600,127,0.5,False,,,,,0.451542
600,127,0.55,True,0.55,0.9843,0.451542,False,0.451542
600,127,0.6,True,0.55,0.9843,0.451542,False,0.451542
600,128,0.4,False,,,,,0.446225
600,128,0.5,False,,,,,0.446225
600,128,0.55,True,0.55,0.9854,0.446225,False,0.446225
600,128,0.6,True,0.55,0.9854,0.446225,False,0.446225
600,129,0.4,False,,,,,0.454851
600,129,0.5,False,,,,,0.454851
600,129,0.55,True,0.55,0.9853,0.454851,False,0.454851
600,129,0.6,True,0.55,0.9853,0.454851,False,0.454851
600,130,0.4,False,,,,,0.445748
600,130,0.5,False,,,,,0.445748
600,130,0.55,True,0.55,0.9851,0.445748,False,0.445748
600,130,0.6,True,0.55,0.9851,0.445748,False,0.445748
600,131,0.4,False,,,,,0.454563
600,131,0.5,False,,,,,0.454563
600,131,0.55,True,0.55,0.9851,0.454563,False,0.454563
600,131,0.6,True,0.55,0.9851,0.454563,False,0.454563
600,132,0.4,False,,,,,0.4487
600,132,0.5,False,,,,,0.4487
600,132,0.55,True,0.55,0.9843,0.4487,False,0.4487
600,132,0.6,True,0.55,0.9843,0.4487,False,0.4487
600,133,0.4,False,,,,,0.453196
600,133,0.5,False,,,,,0.453196
600,133,0.55,True,0.55,0.9848,0.453196,False,0.453196
600,133,0.6,True,0.55,0.9848,0.453196,False,0.453196
600,134,0.4,False,,,,,0.457805
600,134,0.5,False,,,,,0.457805
600,134,0.55,True,0.55,0.985,0.457805,False,0.457805
600,134,0.6,True,0.55,0.985,0.457805,False,0.457805
600,135,0.4,False,,,,,0.449109
600,135,0.5,False,,,,,0.449109
600,135,0.55,True,0.55,0.9851,0.449109,False,0.449109
600,135,0.6,True,0.55,0.9851,0.449109,False,0.449109
600,136,0.4,False,,,,,0.451511
600,136,0.5,False,,,,,0.451511
600,136,0.55,True,0.55,0.9852,0.451511,False,0.451511
600,136,0.6,True,0.55,0.9852,0.451511,False,0.451511
600,137,0.4,False,,,,,0.455688
600,137,0.5,False,,,,,0.455688
600,137,0.55,True,0.55,0.9847,0.455688,False,0.455688
600,137,0.6,True,0.55,0.9847,0.455688,False,0.455688
600,138,0.4,False,,,,,0.444959
600,138,0.5,False,,,,,0.444959
600,138,0.55,True,0.55,0.9839,0.444959,False,0.444959
600,138,0.6,True,0.55,0.9839,0.444959,False,0.444959
600,139,0.4,False,,,,,0.450319
600,139,0.5,False,,,,,0.450319
600,139,0.55,True,0.55,0.9847,0.450319,False,0.450319
600,139,0.6,True,0.55,0.9847,0.450319,False,0.450319
600,140,0.4,False,,,,,0.468039
600,140,0.5,False,,,,,0.468039
600,140,0.55,True,0.55,0.9851,0.468039,False,0.468039
600,140,0.6,True,0.55,0.9851,0.468039,False,0.468039
600,141,0.4,False,,,,,0.451763
600,141,0.5,False,,,,,0.451763
600,141,0.55,True,0.55,0.9849,0.451763,False,0.451763
600,141,0.6,True,0.55,0.9849,0.451763,False,0.451763
600,142,0.4,False,,,,,0.445817
600,142,0.5,False,,,,,0.445817
600,142,0.55,True,0.55,0.9842,0.445817,False,0.445817
600,142,0.6,True,0.55,0.9842,0.445817,False,0.445817
600,143,0.4,False,,,,,0.455119
600,143,0.5,False,,,,,0.455119
600,143,0.55,True,0.55,0.9848,0.455119,False,0.455119
600,143,0.6,True,0.55,0.9848,0.455119,False,0.455119
600,144,0.4,False,,,,,0.437899
600,144,0.5,False,,,,,0.437899
600,144,0.55,True,0.55,0.9845,0.437899,False,0.437899
600,144,0.6,True,0.55,0.9845,0.437899,False,0.437899
600,145,0.4,False,,,,,0.458653
600,145,0.5,False,,,,,0.458653
600,145,0.55,True,0.55,0.9855,0.458653,False,0.458653
600,145,0.6,True,0.55,0.9855,0.458653,False,0.458653
600,146,0.4,False,,,,,0.432548
600,146,0.5,False,,,,,0.432548
600,146,0.55,True,0.55,0.9847,0.432548,False,0.432548
600,146,0.6,True,0.55,0.9847,0.432548,False,0.432548
600,147,0.4,False,,,,,0.441966
600,147,0.5,False,,,,,0.441966
600,147,0.55,True,0.55,0.985,0.441966,False,0.441966
600,147,0.6,True,0.55,0.985,0.441966,False,0.441966
600,148,0.4,False,,,,,0.449035
600,148,0.5,False,,,,,0.449035
600,148,0.55,True,0.55,0.9849,0.449035,False,0.449035
600,148,0.6,True,0.55,0.9849,0.449035,False,0.449035
600,149,0.4,False,,,,,0.451506
600,149,0.5,False,,,,,0.451506
600,149,0.55,True,0.55,0.9861,0.451506,False,0.451506
600,149,0.6,True,0.55,0.9861,0.451506,False,0.451506
600,150,0.4,False,,,,,0.4719
600,150,0.5,False,,,,,0.4719
600,150,0.55,True,0.55,0.9856,0.4719,False,0.4719
600,150,0.6,True,0.55,0.9856,0.4719,False,0.4719
600,151,0.4,False,,,,,0.452322
600,151,0.5,False,,,,,0.452322
600,151,0.55,True,0.55,0.9851,0.452322,False,0.452322
600,151,0.6,True,0.55,0.9851,0.452322,False,0.452322
600,152,0.4,False,,,,,0.454264
600,152,0.5,False,,,,,0.454264
600,152,0.55,True,0.55,0.9857,0.454264,False,0.454264
600,152,0.6,True,0.55,0.9857,0.454264,False,0.454264
600,153,0.4,False,,,,,0.44702
600,153,0.5,False,,,,,0.44702
600,153,0.55,True,0.55,0.9856,0.44702,False,0.44702
600,153,0.6,True,0.55,0.9856,0.44702,False,0.44702
600,154,0.4,False,,,,,0.44104
600,154,0.5,False,,,,,0.44104
600,154,0.55,True,0.55,0.9847,0.44104,False,0.44104
600,154,0.6,True,0.55,0.9847,0.44104,False,0.44104
600,155,0.4,False,,,,,0.464038
600,155,0.5,False,,,,,0.464038
600,155,0.55,True,0.55,0.9858,0.464038,False,0.464038
600,155,0.6,True,0.55,0.9858,0.464038,False,0.464038
600,156,0.4,False,,,,,0.467001
600,156,0.5,False,,,,,0.467001
600,156,0.55,True,0.55,0.9857,0.467001,False,0.467001
600,156,0.6,True,0.55,0.9857,0.467001,False,0.467001
600,157,0.4,False,,,,,0.450175
600,157,0.5,False,,,,,0.450175
600,157,0.55,True,0.55,0.9844,0.450175,False,0.450175
600,157,0.6,True,0.55,0.9844,0.450175,False,0.450175
600,158,0.4,False,,,,,0.435636
600,158,0.5,False,,,,,0.435636
600,158,0.55,True,0.55,0.9844,0.435636,False,0.435636
600,158,0.6,True,0.55,0.9844,0.435636,False,0.435636
600,159,0.4,False,,,,,0.436656
600,159,0.5,False,,,,,0.436656
600,159,0.55,True,0.55,0.985,0.436656,False,0.436656
600,159,0.6,True,0.55,0.985,0.436656,False,0.436656
600,160,0.4,False,,,,,0.462804
600,160,0.5,False,,,,,0.462804
600,160,0.55,True,0.55,0.9862,0.462804,False,0.462804
600,160,0.6,True,0.55,0.9862,0.462804,False,0.462804
600,161,0.4,False,,,,,0.455816
600,161,0.5,False,,,,,0.455816
600,161,0.55,True,0.55,0.9858,0.455816,False,0.455816
600,161,0.6,True,0.55,0.9858,0.455816,False,0.455816
600,162,0.4,False,,,,,0.466047
600,162,0.5,False,,,,,0.466047
600,162,0.55,True,0.55,0.9848,0.466047,False,0.466047
600,162,0.6,True,0.55,0.9848,0.466047,False,0.466047
600,163,0.4,False,,,,,0.456145
600,163,0.5,False,,,,,0.456145
600,163,0.55,True,0.55,0.9853,0.456145,False,0.456145
600,163,0.6,True,0.55,0.9853,0.456145,False,0.456145
600,164,0.4,False,,,,,0.451775
600,164,0.5,False,,,,,0.451775
600,164,0.55,True,0.55,0.985,0.451775,False,0.451775
600,164,0.6,True,0.55,0.985,0.451775,False,0.451775
600,165,0.4,False,,,,,0.444682
600,165,0.5,False,,,,,0.444682
600,165,0.55,True,0.55,0.9849,0.444682,False,0.444682
600,165,0.6,True,0.55,0.9849,0.444682,False,0.444682
600,166,0.4,False,,,,,0.468735
600,166,0.5,False,,,,,0.468735
600,166,0.55,True,0.55,0.9857,0.468735,False,0.468735
600,166,0.6,True,0.55,0.9857,0.468735,False,0.468735
600,167,0.4,False,,,,,0.465401
600,167,0.5,False,,,,,0.465401
600,167,0.55,True,0.55,0.985,0.465401,False,0.465401
600,167,0.6,True,0.55,0.985,0.465401,False,0.465401
600,168,0.4,False,,,,,0.459069
600,168,0.5,False,,,,,0.459069
600,168,0.55,True,0.55,0.9859,0.459069,False,0.459069
600,168,0.6,True,0.55,0.9859,0.459069,False,0.459069
600,169,0.4,False,,,,,0.434848
600,169,0.5,False,,,,,0.434848
600,169,0.55,True,0.55,0.9843,0.434848,False,0.434848
600,169,0.6,True,0.55,0.9843,0.434848,False,0.434848
600,170,0.4,False,,,,,0.444517
600,170,0.5,False,,,,,0.444517
600,170,0.55,True,0.55,0.9847,0.444517,False,0.444517
600,170,0.6,True,0.55,0.9847,0.444517,False,0.444517
600,171,0.4,False,,,,,0.441397
600,171,0.5,False,,,,,0.441397
600,171,0.55,True,0.55,0.9858,0.441397,False,0.441397
600,171,0.6,True,0.55,0.9858,0.441397,False,0.441397
600,172,0.4,False,,,,,0.453608
600,172,0.5,False,,,,,0.453608
600,172,0.55,True,0.55,0.985,0.453608,False,0.453608
600,172,0.6,True,0.55,0.985,0.453608,False,0.453608
600,173,0.4,False,,,,,0.458886
600,173,0.5,False,,,,,0.458886
600,173,0.55,True,0.55,0.984,0.458886,False,0.458886
600,173,0.6,True,0.55,0.984,0.458886,False,0.458886
600,174,0.4,False,,,,,0.442611
600,174,0.5,False,,,,,0.442611
600,174,0.55,True,0.55,0.985,0.442611,False,0.442611
600,174,0.6,True,0.55,0.985,0.442611,False,0.442611
600,175,0.4,False,,,,,0.446268
600,175,0.5,False,,,,,0.446268
600,175,0.55,True,0.55,0.9849,0.446268,False,0.446268
600,175,0.6,True,0.55,0.9849,0.446268,False,0.446268
600,176,0.4,False,,,,,0.449009
600,176,0.5,False,,,,,0.449009
600,176,0.55,True,0.55,0.9844,0.449009,False,0.449009
600,176,0.6,True,0.55,0.9844,0.449009,False,0.449009
600,177,0.4,False,,,,,0.447279
600,177,0.5,False,,,,,0.447279
600,177,0.55,True,0.55,0.9851,0.447279,False,0.447279
600,177,0.6,True,0.55,0.9851,0.447279,False,0.447279
600,178,0.4,False,,,,,0.424697
600,178,0.5,False,,,,,0.424697
600,178,0.55,True,0.55,0.9841,0.424697,False,0.424697
600,178,0.6,True,0.55,0.9841,0.424697,False,0.424697
600,179,0.4,False,,,,,0.437466
600,179,0.5,False,,,,,0.437466
600,179,0.55,True,0.55,0.985,0.437466,False,0.437466
600,179,0.6,True,0.55,0.985,0.437466,False,0.437466
600,180,0.4,False,,,,,0.447542
600,180,0.5,False,,,,,0.447542
600,180,0.55,True,0.55,0.985,0.447542,False,0.447542
600,180,0.6,True,0.55,0.985,0.447542,False,0.447542
600,181,0.4,False,,,,,0.454945
600,181,0.5,False,,,,,0.454945
600,181,0.55,True,0.55,0.9853,0.454945,False,0.454945
600,181,0.6,True,0.55,0.9853,0.454945,False,0.454945
600,182,0.4,False,,,,,0.442105
600,182,0.5,False,,,,,0.442105
600,182,0.55,True,0.55,0.9844,0.442105,False,0.442105
600,182,0.6,True,0.55,0.9844,0.442105,False,0.442105
600,183,0.4,False,,,,,0.463995
600,183,0.5,False,,,,,0.463995
600,183,0.55,True,0.55,0.9858,0.463995,False,0.463995
600,183,0.6,True,0.55,0.9858,0.463995,False,0.463995
600,184,0.4,False,,,,,0.44722
600,184,0.5,False,,,,,0.44722
600,184,0.55,True,0.55,0.9844,0.44722,False,0.44722
600,184,0.6,True,0.55,0.9844,0.44722,False,0.44722
600,185,0.4,False,,,,,0.453065
600,185,0.5,False,,,,,0.453065
600,185,0.55,True,0.55,0.9855,0.453065,False,0.453065
600,185,0.6,True,0.55,0.9855,0.453065,False,0.453065
600,186,0.4,False,,,,,0.4412
600,186,0.5,False,,,,,0.4412
600,186,0.55,True,0.55,0.9848,0.4412,False,0.4412
600,186,0.6,True,0.55,0.9848,0.4412,False,0.4412
600,187,0.4,False,,,,,0.450229
600,187,0.5,False,,,,,0.450229
600,187,0.55,True,0.55,0.9856,0.450229,False,0.450229
600,187,0.6,True,0.55,0.9856,0.450229,False,0.450229
600,188,0.4,False,,,,,0.441623
600,188,0.5,False,,,,,0.441623
600,188,0.55,True,0.55,0.9847,0.441623,False,0.441623
600,188,0.6,True,0.55,0.9847,0.441623,False,0.441623
600,189,0.4,False,,,,,0.460818
600,189,0.5,False,,,,,0.460818
600,189,0.55,True,0.55,0.9854,0.460818,False,0.460818
600,189,0.6,True,0.55,0.9854,0.460818,False,0.460818
600,190,0.4,False,,,,,0.423353
600,190,0.5,False,,,,,0.423353
600,190,0.55,True,0.55,0.9839,0.423353,False,0.423353
600,190,0.6,True,0.55,0.9839,0.423353,False,0.423353
600,191,0.4,False,,,,,0.455503
600,191,0.5,False,,,,,0.455503
600,191,0.55,True,0.55,0.985,0.455503,False,0.455503
600,191,0.6,True,0.55,0.985,0.455503,False,0.455503
600,192,0.4,False,,,,,0.443959
600,192,0.5,False,,,,,0.443959
600,192,0.55,True,0.55,0.9839,0.443959,False,0.443959
600,192,0.6,True,0.55,0.9839,0.443959,False,0.443959
600,193,0.4,False,,,,,0.439776
600,193,0.5,False,,,,,0.439776
600,193,0.55,True,0.55,0.9851,0.439776,False,0.439776
600,193,0.6,True,0.55,0.9851,0.439776,False,0.439776
600,194,0.4,False,,,,,0.426648
600,194,0.5,False,,,,,0.426648
600,194,0.55,True,0.55,0.9846,0.426648,False,0.426648
600,194,0.6,True,0.55,0.9846,0.426648,False,0.426648
600,195,0.4,False,,,,,0.448364
600,195,0.5,False,,,,,0.448364
600,195,0.55,True,0.55,0.9843,0.448364,False,0.448364
600,195,0.6,True,0.55,0.9843,0.448364,False,0.448364
600,196,0.4,False,,,,,0.442737
600,196,0.5,False,,,,,0.442737
600,196,0.55,True,0.55,0.9849,0.442737,False,0.442737
600,196,0.6,True,0.55,0.9849,0.442737,False,0.442737
600,197,0.4,False,,,,,0.442354
600,197,0.5,False,,,,,0.442354
600,197,0.55,True,0.55,0.9839,0.442354,False,0.442354
600,197,0.6,True,0.55,0.9839,0.442354,False,0.442354
600,198,0.4,False,,,,,0.43266
600,198,0.5,False,,,,,0.43266
600,198,0.55,True,0.55,0.9849,0.43266,False,0.43266
600,198,0.6,True,0.55,0.9849,0.43266,False,0.43266
600,199,0.4,False,,,,,0.457272
600,199,0.5,False,,,,,0.457272
600,199,0.55,True,0.55,0.985,0.457272,False,0.457272
600,199,0.6,True,0.55,0.985,0.457272,False,0.457272
